snapshot_utc,coin,offer_value,average_buy,average_sell,average,median_buy,median_sell
2026-02-24T15:08:17.193142+00:00,CUP,560.067682,574.361351,578.845599,578.498282,575.000000,580.000000
2026-02-24T15:08:17.193142+00:00,CUP,572.222222,574.361351,578.845599,578.498282,575.000000,580.000000
2026-02-24T15:08:17.193142+00:00,CUP,590.000000,574.361351,578.845599,578.498282,575.000000,580.000000
2026-02-24T15:08:17.193142+00:00,CUP,589.887640,574.361351,578.845599,578.498282,575.000000,580.000000
2026-02-24T15:08:17.193142+00:00,CUP,577.088717,574.361351,578.845599,578.498282,575.000000,580.000000
2026-02-24T15:08:17.193142+00:00,CUP,600.000000,574.361351,578.845599,578.498282,575.000000,580.000000
2026-02-24T15:08:17.193142+00:00,CUP,586.206897,574.361351,578.845599,578.498282,575.000000,580.000000
2026-02-24T15:08:17.193142+00:00,CUP,600.000000,574.361351,578.845599,578.498282,575.000000,580.000000
2026-02-24T15:08:17.193142+00:00,CUP,575.010959,574.361351,578.845599,578.498282,575.000000,580.000000
2026-02-24T15:08:17.193142+00:00,CUP,560.000000,574.361351,578.845599,578.498282,575.000000,580.000000
2026-02-24T15:08:17.193142+00:00,CUP,579.954955,574.361351,578.845599,578.498282,575.000000,580.000000
2026-02-24T15:08:17.193142+00:00,CUP,580.000000,574.361351,578.845599,578.498282,575.000000,580.000000
2026-02-24T15:08:17.193142+00:00,CUP,574.666667,574.361351,578.845599,578.498282,575.000000,580.000000
2026-02-24T15:08:17.193142+00:00,CUP,580.000000,574.361351,578.845599,578.498282,575.000000,580.000000
2026-02-24T15:08:17.193142+00:00,CUP,590.000000,574.361351,578.845599,578.498282,575.000000,580.000000
2026-02-24T15:08:17.193142+00:00,CUP,580.000000,574.361351,578.845599,578.498282,575.000000,580.000000
2026-02-24T15:08:17.193142+00:00,CUP,575.000000,574.361351,578.845599,578.498282,575.000000,580.000000
2026-02-24T15:08:17.193142+00:00,CUP,580.000000,574.361351,578.845599,578.498282,575.000000,580.000000
2026-02-24T15:08:17.193142+00:00,CUP,575.000000,574.361351,578.845599,578.498282,575.000000,580.000000
2026-02-24T15:08:17.193142+00:00,CUP,575.000000,574.361351,578.845599,578.498282,575.000000,580.000000
2026-02-24T15:08:17.193142+00:00,CUP,600.000000,574.361351,578.845599,578.498282,575.000000,580.000000
2026-02-24T15:08:17.193142+00:00,CUP,585.000000,574.361351,578.845599,578.498282,575.000000,580.000000
2026-02-24T15:08:17.193142+00:00,CUP,580.000000,574.361351,578.845599,578.498282,575.000000,580.000000
2026-02-24T15:08:17.193142+00:00,CUP,579.004329,574.361351,578.845599,578.498282,575.000000,580.000000
2026-02-24T15:08:17.193142+00:00,CUP,600.000000,574.361351,578.845599,578.498282,575.000000,580.000000
2026-02-24T15:08:17.193142+00:00,CUP,575.000000,574.361351,578.845599,578.498282,575.000000,580.000000
2026-02-24T15:08:17.193142+00:00,CUP,585.000000,574.361351,578.845599,578.498282,575.000000,580.000000
2026-02-24T15:08:17.193142+00:00,CUP,579.011592,574.361351,578.845599,578.498282,575.000000,580.000000
2026-02-24T15:08:17.193142+00:00,CUP,590.000000,574.361351,578.845599,578.498282,575.000000,580.000000
2026-02-24T15:08:17.193142+00:00,CUP,599.000000,574.361351,578.845599,578.498282,575.000000,580.000000
2026-02-24T15:08:17.193142+00:00,CUP,590.000000,574.361351,578.845599,578.498282,575.000000,580.000000
2026-02-24T15:08:17.193142+00:00,CUP,560.000000,574.361351,578.845599,578.498282,575.000000,580.000000
2026-02-24T15:08:17.193142+00:00,CUP,579.990333,574.361351,578.845599,578.498282,575.000000,580.000000
2026-02-24T15:08:17.193142+00:00,CUP,580.000000,574.361351,578.845599,578.498282,575.000000,580.000000
2026-02-24T15:08:17.193142+00:00,CUP,580.000000,574.361351,578.845599,578.498282,575.000000,580.000000
2026-02-24T15:08:17.193142+00:00,CUP,575.000000,574.361351,578.845599,578.498282,575.000000,580.000000
2026-02-24T15:08:17.193142+00:00,CUP,580.000000,574.361351,578.845599,578.498282,575.000000,580.000000
2026-02-24T15:08:17.193142+00:00,CUP,580.000000,574.361351,578.845599,578.498282,575.000000,580.000000
2026-02-24T15:08:17.193142+00:00,CUP,580.000000,574.361351,578.845599,578.498282,575.000000,580.000000
2026-02-24T15:08:17.193142+00:00,CUP,570.000000,574.361351,578.845599,578.498282,575.000000,580.000000
2026-02-24T15:08:17.193142+00:00,CUP,585.000000,574.361351,578.845599,578.498282,575.000000,580.000000
2026-02-24T15:08:17.193142+00:00,CUP,579.954955,574.361351,578.845599,578.498282,575.000000,580.000000
2026-02-24T15:08:17.193142+00:00,CUP,579.954955,574.361351,578.845599,578.498282,575.000000,580.000000
2026-02-24T15:08:17.193142+00:00,CUP,584.905660,574.361351,578.845599,578.498282,575.000000,580.000000
2026-02-24T15:08:17.193142+00:00,CUP,579.954955,574.361351,578.845599,578.498282,575.000000,580.000000
2026-02-24T15:08:17.193142+00:00,CUP,590.000000,574.361351,578.845599,578.498282,575.000000,580.000000
2026-02-24T15:08:17.193142+00:00,CUP,579.954955,574.361351,578.845599,578.498282,575.000000,580.000000
2026-02-24T15:08:17.193142+00:00,CUP,579.954955,574.361351,578.845599,578.498282,575.000000,580.000000
2026-02-24T15:08:17.193142+00:00,CUP,557.727273,574.361351,578.845599,578.498282,575.000000,580.000000
2026-02-24T15:08:17.193142+00:00,CUP,570.000000,574.361351,578.845599,578.498282,575.000000,580.000000
2026-02-24T15:08:17.193142+00:00,CUP,590.000000,574.361351,578.845599,578.498282,575.000000,580.000000
2026-02-24T15:08:17.193142+00:00,CUP,600.000000,574.361351,578.845599,578.498282,575.000000,580.000000
2026-02-24T15:08:17.193142+00:00,CUP,585.000000,574.361351,578.845599,578.498282,575.000000,580.000000
2026-02-24T15:08:17.193142+00:00,CUP,574.988021,574.361351,578.845599,578.498282,575.000000,580.000000
2026-02-24T15:08:17.193142+00:00,CUP,600.000000,574.361351,578.845599,578.498282,575.000000,580.000000
2026-02-24T15:08:17.193142+00:00,CUP,570.000000,574.361351,578.845599,578.498282,575.000000,580.000000
2026-02-24T15:08:17.193142+00:00,CUP,583.916084,574.361351,578.845599,578.498282,575.000000,580.000000
2026-02-24T15:08:17.193142+00:00,CUP,590.000000,574.361351,578.845599,578.498282,575.000000,580.000000
2026-02-24T15:08:17.193142+00:00,CUP,575.000000,574.361351,578.845599,578.498282,575.000000,580.000000
2026-02-24T15:08:17.193142+00:00,CUP,569.995440,574.361351,578.845599,578.498282,575.000000,580.000000
2026-02-24T15:08:17.193142+00:00,CUP,580.000000,574.361351,578.845599,578.498282,575.000000,580.000000
2026-02-24T15:08:17.193142+00:00,CUP,585.000000,574.361351,578.845599,578.498282,575.000000,580.000000
2026-02-24T15:08:17.193142+00:00,CUP,569.995440,574.361351,578.845599,578.498282,575.000000,580.000000
2026-02-24T15:08:17.193142+00:00,CUP,588.000000,574.361351,578.845599,578.498282,575.000000,580.000000
2026-02-24T15:08:17.193142+00:00,CUP,585.534591,574.361351,578.845599,578.498282,575.000000,580.000000
2026-02-24T15:08:17.193142+00:00,CUP,585.000000,574.361351,578.845599,578.498282,575.000000,580.000000
2026-02-24T15:08:17.193142+00:00,CUP,582.075472,574.361351,578.845599,578.498282,575.000000,580.000000
2026-02-24T15:08:17.193142+00:00,CUP,582.075472,574.361351,578.845599,578.498282,575.000000,580.000000
2026-02-24T15:08:17.193142+00:00,CUP,576.000000,574.361351,578.845599,578.498282,575.000000,580.000000
2026-02-24T15:08:17.193142+00:00,CUP,581.983965,574.361351,578.845599,578.498282,575.000000,580.000000
2026-02-24T15:08:17.193142+00:00,CUP,587.000000,574.361351,578.845599,578.498282,575.000000,580.000000
2026-02-24T15:08:17.193142+00:00,CUP,585.000000,574.361351,578.845599,578.498282,575.000000,580.000000
2026-02-24T15:08:17.193142+00:00,CUP,585.000000,574.361351,578.845599,578.498282,575.000000,580.000000
2026-02-24T15:08:17.193142+00:00,CUP,575.000000,574.361351,578.845599,578.498282,575.000000,580.000000
2026-02-24T15:08:17.193142+00:00,CUP,580.000000,574.361351,578.845599,578.498282,575.000000,580.000000
2026-02-24T15:08:17.193142+00:00,CUP,584.615385,574.361351,578.845599,578.498282,575.000000,580.000000
2026-02-24T15:08:17.193142+00:00,CUP,584.915341,574.361351,578.845599,578.498282,575.000000,580.000000
2026-02-24T15:08:17.193142+00:00,CUP,600.000000,574.361351,578.845599,578.498282,575.000000,580.000000
2026-02-24T15:08:17.193142+00:00,CUP,570.895522,574.361351,578.845599,578.498282,575.000000,580.000000
2026-02-24T15:08:17.193142+00:00,CUP,600.000000,574.361351,578.845599,578.498282,575.000000,580.000000
2026-02-24T15:08:17.193142+00:00,CUP,585.000000,574.361351,578.845599,578.498282,575.000000,580.000000
2026-02-24T15:08:17.193142+00:00,CUP,600.000000,574.361351,578.845599,578.498282,575.000000,580.000000
2026-02-24T15:08:17.193142+00:00,CUP,587.000000,574.361351,578.845599,578.498282,575.000000,580.000000
2026-02-24T15:08:17.193142+00:00,CUP,587.000000,574.361351,578.845599,578.498282,575.000000,580.000000
2026-02-24T15:08:17.193142+00:00,CUP,600.000000,574.361351,578.845599,578.498282,575.000000,580.000000
2026-02-24T15:08:17.193142+00:00,CUP,489.934701,574.361351,578.845599,578.498282,575.000000,580.000000
2026-02-24T15:08:17.193142+00:00,CUP,585.000000,574.361351,578.845599,578.498282,575.000000,580.000000
2026-02-24T15:08:17.193142+00:00,CUP,587.000000,574.361351,578.845599,578.498282,575.000000,580.000000
2026-02-24T15:08:17.193142+00:00,CUP,490.277713,574.361351,578.845599,578.498282,575.000000,580.000000
2026-02-24T15:08:17.193142+00:00,CUP,590.000000,574.361351,578.845599,578.498282,575.000000,580.000000
2026-02-24T15:08:17.193142+00:00,CUP,587.000000,574.361351,578.845599,578.498282,575.000000,580.000000
2026-02-24T15:08:17.193142+00:00,CUP,590.000000,574.361351,578.845599,578.498282,575.000000,580.000000
2026-02-24T15:08:17.193142+00:00,CUP,584.000000,574.361351,578.845599,578.498282,575.000000,580.000000
2026-02-24T15:08:17.193142+00:00,CUP,585.000000,574.361351,578.845599,578.498282,575.000000,580.000000
2026-02-24T15:08:17.193142+00:00,CUP,600.000000,574.361351,578.845599,578.498282,575.000000,580.000000
2026-02-24T15:08:17.193142+00:00,CUP,575.000000,574.361351,578.845599,578.498282,575.000000,580.000000
2026-02-24T15:08:17.193142+00:00,CUP,585.000000,574.361351,578.845599,578.498282,575.000000,580.000000
2026-02-24T15:08:17.193142+00:00,CUP,580.204778,574.361351,578.845599,578.498282,575.000000,580.000000
2026-02-24T15:08:17.193142+00:00,CUP,580.204778,574.361351,578.845599,578.498282,575.000000,580.000000
2026-02-24T15:08:17.193142+00:00,CUP,600.000000,574.361351,578.845599,578.498282,575.000000,580.000000
2026-02-24T15:08:17.193142+00:00,CUP,588.235294,574.361351,578.845599,578.498282,575.000000,580.000000
2026-02-24T15:08:17.193142+00:00,CUP,590.000000,574.361351,578.845599,578.498282,575.000000,580.000000
2026-02-24T15:08:17.193142+00:00,CUP,585.000000,574.361351,578.845599,578.498282,575.000000,580.000000
2026-02-24T15:08:17.193142+00:00,CUP,580.000000,574.361351,578.845599,578.498282,575.000000,580.000000
2026-02-24T15:08:17.193142+00:00,CUP,590.000000,574.361351,578.845599,578.498282,575.000000,580.000000
2026-02-24T15:08:17.193142+00:00,CUP,575.000000,574.361351,578.845599,578.498282,575.000000,580.000000
2026-02-24T15:08:17.193142+00:00,CUP,575.043128,574.361351,578.845599,578.498282,575.000000,580.000000
2026-02-24T15:08:17.193142+00:00,CUP,574.988021,574.361351,578.845599,578.498282,575.000000,580.000000
2026-02-24T15:08:17.193142+00:00,CUP,575.079872,574.361351,578.845599,578.498282,575.000000,580.000000
2026-02-24T15:08:17.193142+00:00,CUP,575.079872,574.361351,578.845599,578.498282,575.000000,580.000000
2026-02-24T15:08:17.193142+00:00,CUP,580.000000,574.361351,578.845599,578.498282,575.000000,580.000000
2026-02-24T15:08:17.193142+00:00,CUP,585.000000,574.361351,578.845599,578.498282,575.000000,580.000000
2026-02-24T15:08:17.193142+00:00,CUP,582.468329,574.361351,578.845599,578.498282,575.000000,580.000000
2026-02-24T15:08:17.193142+00:00,CUP,575.000000,574.361351,578.845599,578.498282,575.000000,580.000000
2026-02-24T15:08:17.193142+00:00,CUP,583.333333,574.361351,578.845599,578.498282,575.000000,580.000000
2026-02-24T15:08:17.193142+00:00,CUP,579.874929,574.361351,578.845599,578.498282,575.000000,580.000000
2026-02-24T15:08:17.193142+00:00,CUP,570.000000,574.361351,578.845599,578.498282,575.000000,580.000000
2026-02-24T15:08:17.193142+00:00,CUP,588.235294,574.361351,578.845599,578.498282,575.000000,580.000000
2026-02-24T15:08:17.193142+00:00,CUP,580.000000,574.361351,578.845599,578.498282,575.000000,580.000000
2026-02-24T15:08:17.193142+00:00,CUP,580.000000,574.361351,578.845599,578.498282,575.000000,580.000000
2026-02-24T15:08:17.193142+00:00,CUP,582.075472,574.361351,578.845599,578.498282,575.000000,580.000000
2026-02-24T15:08:17.193142+00:00,CUP,579.000000,574.361351,578.845599,578.498282,575.000000,580.000000
2026-02-24T15:08:17.193142+00:00,CUP,570.000000,574.361351,578.845599,578.498282,575.000000,580.000000
2026-02-24T15:08:17.193142+00:00,CUP,581.395349,574.361351,578.845599,578.498282,575.000000,580.000000
2026-02-24T15:08:17.193142+00:00,CUP,582.075472,574.361351,578.845599,578.498282,575.000000,580.000000
2026-02-24T15:08:17.193142+00:00,CUP,582.075472,574.361351,578.845599,578.498282,575.000000,580.000000
2026-02-24T15:08:17.193142+00:00,CUP,576.000000,574.361351,578.845599,578.498282,575.000000,580.000000
2026-02-24T15:08:17.193142+00:00,CUP,582.075472,574.361351,578.845599,578.498282,575.000000,580.000000
2026-02-24T15:08:17.193142+00:00,CUP,578.034682,574.361351,578.845599,578.498282,575.000000,580.000000
2026-02-24T15:08:17.193142+00:00,CUP,590.000000,574.361351,578.845599,578.498282,575.000000,580.000000
2026-02-24T15:08:17.193142+00:00,CUP,570.000000,574.361351,578.845599,578.498282,575.000000,580.000000
2026-02-24T15:08:17.193142+00:00,CUP,600.000000,574.361351,578.845599,578.498282,575.000000,580.000000
2026-02-24T15:08:17.193142+00:00,CUP,585.000000,574.361351,578.845599,578.498282,575.000000,580.000000
2026-02-24T15:08:17.193142+00:00,CUP,580.094787,574.361351,578.845599,578.498282,575.000000,580.000000
2026-02-24T15:08:17.193142+00:00,CUP,580.075662,574.361351,578.845599,578.498282,575.000000,580.000000
2026-02-24T15:08:17.193142+00:00,CUP,582.877960,574.361351,578.845599,578.498282,575.000000,580.000000
2026-02-24T15:08:17.193142+00:00,CUP,584.834123,574.361351,578.845599,578.498282,575.000000,580.000000
2026-02-24T15:08:17.193142+00:00,CUP,579.874929,574.361351,578.845599,578.498282,575.000000,580.000000
2026-02-24T15:08:17.193142+00:00,CUP,580.143541,574.361351,578.845599,578.498282,575.000000,580.000000
2026-02-24T15:08:17.193142+00:00,CUP,580.000000,574.361351,578.845599,578.498282,575.000000,580.000000
2026-02-24T15:08:17.193142+00:00,CUP,569.995440,574.361351,578.845599,578.498282,575.000000,580.000000
2026-02-24T15:08:17.193142+00:00,CUP,580.000000,574.361351,578.845599,578.498282,575.000000,580.000000
2026-02-24T15:08:17.193142+00:00,CUP,600.000000,574.361351,578.845599,578.498282,575.000000,580.000000
2026-02-24T15:08:17.193142+00:00,CUP,568.181818,574.361351,578.845599,578.498282,575.000000,580.000000
2026-02-24T15:08:17.193142+00:00,CUP,579.984837,574.361351,578.845599,578.498282,575.000000,580.000000
2026-02-24T15:08:17.193142+00:00,CUP,588.000000,574.361351,578.845599,578.498282,575.000000,580.000000
2026-02-24T15:08:17.193142+00:00,CUP,585.000000,574.361351,578.845599,578.498282,575.000000,580.000000
2026-02-24T15:08:17.193142+00:00,CUP,574.932924,574.361351,578.845599,578.498282,575.000000,580.000000
2026-02-24T15:08:17.193142+00:00,CUP,578.034682,574.361351,578.845599,578.498282,575.000000,580.000000
2026-02-24T15:08:17.193142+00:00,CUP,580.000000,574.361351,578.845599,578.498282,575.000000,580.000000
2026-02-24T15:08:17.193142+00:00,CUP,580.143541,574.361351,578.845599,578.498282,575.000000,580.000000
2026-02-24T15:08:17.193142+00:00,CUP,585.098039,574.361351,578.845599,578.498282,575.000000,580.000000
2026-02-24T15:08:17.193142+00:00,CUP,580.133556,574.361351,578.845599,578.498282,575.000000,580.000000
2026-02-24T15:08:17.193142+00:00,CUP,581.965667,574.361351,578.845599,578.498282,575.000000,580.000000
2026-02-24T15:08:17.193142+00:00,CUP,580.078125,574.361351,578.845599,578.498282,575.000000,580.000000
2026-02-24T15:08:17.193142+00:00,CUP,585.000000,574.361351,578.845599,578.498282,575.000000,580.000000
2026-02-24T15:08:17.193142+00:00,CUP,585.060268,574.361351,578.845599,578.498282,575.000000,580.000000
2026-02-24T15:08:17.193142+00:00,CUP,580.133556,574.361351,578.845599,578.498282,575.000000,580.000000
2026-02-24T15:08:17.193142+00:00,CUP,574.932924,574.361351,578.845599,578.498282,575.000000,580.000000
2026-02-24T15:08:17.193142+00:00,CUP,580.000000,574.361351,578.845599,578.498282,575.000000,580.000000
2026-02-24T15:08:17.193142+00:00,CUP,585.000000,574.361351,578.845599,578.498282,575.000000,580.000000
2026-02-24T15:08:17.193142+00:00,CUP,577.777778,574.361351,578.845599,578.498282,575.000000,580.000000
2026-02-24T15:08:17.193142+00:00,CUP,574.418605,574.361351,578.845599,578.498282,575.000000,580.000000
2026-02-24T15:08:17.193142+00:00,CUP,588.000000,574.361351,578.845599,578.498282,575.000000,580.000000
2026-02-24T15:08:17.193142+00:00,CUP,585.000000,574.361351,578.845599,578.498282,575.000000,580.000000
2026-02-24T15:08:17.193142+00:00,CUP,575.620767,574.361351,578.845599,578.498282,575.000000,580.000000
2026-02-24T15:08:17.193142+00:00,CUP,582.003302,574.361351,578.845599,578.498282,575.000000,580.000000
2026-02-24T15:08:17.193142+00:00,CUP,585.365854,574.361351,578.845599,578.498282,575.000000,580.000000
2026-02-24T15:08:17.193142+00:00,CUP,582.000000,574.361351,578.845599,578.498282,575.000000,580.000000
2026-02-24T15:08:17.193142+00:00,CUP,581.953469,574.361351,578.845599,578.498282,575.000000,580.000000
2026-02-24T15:08:17.193142+00:00,CUP,581.965667,574.361351,578.845599,578.498282,575.000000,580.000000
2026-02-24T15:08:17.193142+00:00,CUP,585.000000,574.361351,578.845599,578.498282,575.000000,580.000000
2026-02-24T15:08:17.193142+00:00,CUP,582.075472,574.361351,578.845599,578.498282,575.000000,580.000000
2026-02-24T15:08:17.193142+00:00,CUP,570.000877,574.361351,578.845599,578.498282,575.000000,580.000000
2026-02-24T15:08:17.193142+00:00,CUP,579.975580,574.361351,578.845599,578.498282,575.000000,580.000000
2026-02-24T15:08:17.193142+00:00,CUP,580.000000,574.361351,578.845599,578.498282,575.000000,580.000000
2026-02-24T15:08:17.193142+00:00,CUP,575.000000,574.361351,578.845599,578.498282,575.000000,580.000000
2026-02-24T15:08:17.193142+00:00,CUP,579.746835,574.361351,578.845599,578.498282,575.000000,580.000000
2026-02-24T15:08:17.193142+00:00,CUP,584.166667,574.361351,578.845599,578.498282,575.000000,580.000000
2026-02-24T15:08:17.193142+00:00,CUP,575.000000,574.361351,578.845599,578.498282,575.000000,580.000000
2026-02-24T15:08:17.193142+00:00,CUP,578.034682,574.361351,578.845599,578.498282,575.000000,580.000000
2026-02-24T15:08:17.193142+00:00,CUP,575.396825,574.361351,578.845599,578.498282,575.000000,580.000000
2026-02-24T15:08:17.193142+00:00,CUP,575.168584,574.361351,578.845599,578.498282,575.000000,580.000000
2026-02-24T15:08:17.193142+00:00,CUP,580.000000,574.361351,578.845599,578.498282,575.000000,580.000000
2026-02-24T15:08:17.193142+00:00,CUP,585.000000,574.361351,578.845599,578.498282,575.000000,580.000000
2026-02-24T15:08:17.193142+00:00,CUP,575.000000,574.361351,578.845599,578.498282,575.000000,580.000000
2026-02-24T15:08:17.193142+00:00,CUP,580.000000,574.361351,578.845599,578.498282,575.000000,580.000000
2026-02-24T15:08:17.193142+00:00,CUP,580.000000,574.361351,578.845599,578.498282,575.000000,580.000000
2026-02-24T15:08:17.193142+00:00,CUP,582.000000,574.361351,578.845599,578.498282,575.000000,580.000000
2026-02-24T15:08:17.193142+00:00,CUP,582.000000,574.361351,578.845599,578.498282,575.000000,580.000000
2026-02-24T15:08:17.193142+00:00,CUP,575.000000,574.361351,578.845599,578.498282,575.000000,580.000000
2026-02-24T15:08:17.193142+00:00,CUP,580.000000,574.361351,578.845599,578.498282,575.000000,580.000000
2026-02-24T15:08:17.193142+00:00,CUP,575.000000,574.361351,578.845599,578.498282,575.000000,580.000000
2026-02-24T15:08:17.193142+00:00,CUP,580.000000,574.361351,578.845599,578.498282,575.000000,580.000000
2026-02-24T15:08:17.193142+00:00,CUP,580.000000,574.361351,578.845599,578.498282,575.000000,580.000000
2026-02-24T15:08:17.193142+00:00,CUP,579.952644,574.361351,578.845599,578.498282,575.000000,580.000000
2026-02-24T15:08:17.193142+00:00,CUP,580.000000,574.361351,578.845599,578.498282,575.000000,580.000000
2026-02-24T15:08:17.193142+00:00,CUP,578.932817,574.361351,578.845599,578.498282,575.000000,580.000000
2026-02-24T15:08:17.193142+00:00,CUP,578.003746,574.361351,578.845599,578.498282,575.000000,580.000000
2026-02-24T15:08:17.193142+00:00,CUP,583.000000,574.361351,578.845599,578.498282,575.000000,580.000000
2026-02-24T15:08:17.193142+00:00,CUP,570.000000,574.361351,578.845599,578.498282,575.000000,580.000000
2026-02-24T15:08:17.193142+00:00,CUP,585.000000,574.361351,578.845599,578.498282,575.000000,580.000000
2026-02-24T15:08:17.193142+00:00,CUP,582.075472,574.361351,578.845599,578.498282,575.000000,580.000000
2026-02-24T15:08:17.193142+00:00,CUP,584.945586,574.361351,578.845599,578.498282,575.000000,580.000000
2026-02-24T15:08:17.193142+00:00,CUP,565.195835,574.361351,578.845599,578.498282,575.000000,580.000000
2026-02-24T15:08:17.193142+00:00,CUP,560.000000,574.361351,578.845599,578.498282,575.000000,580.000000
2026-02-24T15:08:17.193142+00:00,CUP,580.143541,574.361351,578.845599,578.498282,575.000000,580.000000
2026-02-24T15:08:17.193142+00:00,CUP,585.000000,574.361351,578.845599,578.498282,575.000000,580.000000
2026-02-24T15:08:17.193142+00:00,CUP,585.000000,574.361351,578.845599,578.498282,575.000000,580.000000
2026-02-24T15:08:17.193142+00:00,CUP,575.000000,574.361351,578.845599,578.498282,575.000000,580.000000
2026-02-24T15:08:17.193142+00:00,CUP,580.000000,574.361351,578.845599,578.498282,575.000000,580.000000
2026-02-24T15:08:17.193142+00:00,CUP,582.075472,574.361351,578.845599,578.498282,575.000000,580.000000
2026-02-24T15:08:17.193142+00:00,CUP,570.000000,574.361351,578.845599,578.498282,575.000000,580.000000
2026-02-24T15:08:17.193142+00:00,CUP,585.333333,574.361351,578.845599,578.498282,575.000000,580.000000
2026-02-24T15:08:17.193142+00:00,CUP,575.000000,574.361351,578.845599,578.498282,575.000000,580.000000
2026-02-24T15:08:17.193142+00:00,CUP,575.184881,574.361351,578.845599,578.498282,575.000000,580.000000
2026-02-24T15:08:17.193142+00:00,CUP,580.000000,574.361351,578.845599,578.498282,575.000000,580.000000
2026-02-24T15:08:17.193142+00:00,CUP,571.428571,574.361351,578.845599,578.498282,575.000000,580.000000
2026-02-24T15:08:17.193142+00:00,CUP,582.644928,574.361351,578.845599,578.498282,575.000000,580.000000
2026-02-24T15:08:17.193142+00:00,CUP,589.000000,574.361351,578.845599,578.498282,575.000000,580.000000
2026-02-24T15:08:17.193142+00:00,CUP,575.000000,574.361351,578.845599,578.498282,575.000000,580.000000
2026-02-24T15:08:17.193142+00:00,CUP,570.000000,574.361351,578.845599,578.498282,575.000000,580.000000
2026-02-24T15:08:17.193142+00:00,CUP,580.000000,574.361351,578.845599,578.498282,575.000000,580.000000
2026-02-24T15:08:17.193142+00:00,CUP,585.000000,574.361351,578.845599,578.498282,575.000000,580.000000
2026-02-24T15:08:17.193142+00:00,CUP,578.034682,574.361351,578.845599,578.498282,575.000000,580.000000
2026-02-24T15:08:17.193142+00:00,CUP,585.000000,574.361351,578.845599,578.498282,575.000000,580.000000
2026-02-24T15:08:17.193142+00:00,CUP,583.333333,574.361351,578.845599,578.498282,575.000000,580.000000
2026-02-24T15:08:17.193142+00:00,CUP,565.000000,574.361351,578.845599,578.498282,575.000000,580.000000
2026-02-24T15:08:17.193142+00:00,CUP,585.319149,574.361351,578.845599,578.498282,575.000000,580.000000
2026-02-24T15:08:17.193142+00:00,CUP,585.192698,574.361351,578.845599,578.498282,575.000000,580.000000
2026-02-24T15:08:17.193142+00:00,CUP,578.000000,574.361351,578.845599,578.498282,575.000000,580.000000
2026-02-24T15:08:17.193142+00:00,CUP,540.084388,574.361351,578.845599,578.498282,575.000000,580.000000
2026-02-24T15:08:17.193142+00:00,CUP,600.000000,574.361351,578.845599,578.498282,575.000000,580.000000
2026-02-24T15:08:17.193142+00:00,CUP,570.125428,574.361351,578.845599,578.498282,575.000000,580.000000
2026-02-24T15:08:17.193142+00:00,CUP,585.585586,574.361351,578.845599,578.498282,575.000000,580.000000
2026-02-24T15:08:17.193142+00:00,CUP,582.075472,574.361351,578.845599,578.498282,575.000000,580.000000
2026-02-24T15:08:17.193142+00:00,CUP,570.125428,574.361351,578.845599,578.498282,575.000000,580.000000
2026-02-24T15:08:17.193142+00:00,CUP,574.971815,574.361351,578.845599,578.498282,575.000000,580.000000
2026-02-24T15:08:17.193142+00:00,CUP,579.766537,574.361351,578.845599,578.498282,575.000000,580.000000
2026-02-24T15:08:17.193142+00:00,CUP,578.034682,574.361351,578.845599,578.498282,575.000000,580.000000
2026-02-24T15:08:17.193142+00:00,CUP,575.000000,574.361351,578.845599,578.498282,575.000000,580.000000
2026-02-24T15:08:17.193142+00:00,CUP,580.062184,574.361351,578.845599,578.498282,575.000000,580.000000
2026-02-24T15:08:17.193142+00:00,CUP,590.000000,574.361351,578.845599,578.498282,575.000000,580.000000
2026-02-24T15:08:17.193142+00:00,CUP,580.234834,574.361351,578.845599,578.498282,575.000000,580.000000
2026-02-24T15:08:17.193142+00:00,CUP,579.716981,574.361351,578.845599,578.498282,575.000000,580.000000
2026-02-24T15:08:17.193142+00:00,CUP,576.000000,574.361351,578.845599,578.498282,575.000000,580.000000
2026-02-24T15:08:17.193142+00:00,CUP,574.971815,574.361351,578.845599,578.498282,575.000000,580.000000
2026-02-24T15:08:17.193142+00:00,CUP,570.000000,574.361351,578.845599,578.498282,575.000000,580.000000
2026-02-24T15:08:17.193142+00:00,CUP,579.988694,574.361351,578.845599,578.498282,575.000000,580.000000
2026-02-24T15:08:17.193142+00:00,CUP,580.000000,574.361351,578.845599,578.498282,575.000000,580.000000
2026-02-24T15:08:17.193142+00:00,CUP,570.000000,574.361351,578.845599,578.498282,575.000000,580.000000
2026-02-24T15:08:17.193142+00:00,CUP,585.000000,574.361351,578.845599,578.498282,575.000000,580.000000
2026-02-24T15:08:17.193142+00:00,CUP,590.502793,574.361351,578.845599,578.498282,575.000000,580.000000
2026-02-24T15:08:17.193142+00:00,CUP,585.000000,574.361351,578.845599,578.498282,575.000000,580.000000
2026-02-24T15:08:17.193142+00:00,CUP,590.000000,574.361351,578.845599,578.498282,575.000000,580.000000
2026-02-24T15:08:17.193142+00:00,CUP,585.000000,574.361351,578.845599,578.498282,575.000000,580.000000
2026-02-24T15:08:17.193142+00:00,CUP,581.983965,574.361351,578.845599,578.498282,575.000000,580.000000
2026-02-24T15:08:17.193142+00:00,CUP,580.000000,574.361351,578.845599,578.498282,575.000000,580.000000
2026-02-24T15:08:17.193142+00:00,CUP,590.000000,574.361351,578.845599,578.498282,575.000000,580.000000
2026-02-24T15:08:17.193142+00:00,CUP,585.000000,574.361351,578.845599,578.498282,575.000000,580.000000
2026-02-24T15:08:17.193142+00:00,CUP,582.075472,574.361351,578.845599,578.498282,575.000000,580.000000
2026-02-24T15:08:17.193142+00:00,CUP,582.075472,574.361351,578.845599,578.498282,575.000000,580.000000
2026-02-24T15:08:17.193142+00:00,CUP,575.000000,574.361351,578.845599,578.498282,575.000000,580.000000
2026-02-24T15:08:17.193142+00:00,CUP,577.000000,574.361351,578.845599,578.498282,575.000000,580.000000
2026-02-24T15:08:17.193142+00:00,CUP,580.000000,574.361351,578.845599,578.498282,575.000000,580.000000
2026-02-24T15:08:17.193142+00:00,CUP,600.000000,574.361351,578.845599,578.498282,575.000000,580.000000
2026-02-24T15:08:17.193142+00:00,CUP,570.032573,574.361351,578.845599,578.498282,575.000000,580.000000
2026-02-24T15:08:17.193142+00:00,CUP,574.971815,574.361351,578.845599,578.498282,575.000000,580.000000
2026-02-24T15:08:17.193142+00:00,CUP,570.000000,574.361351,578.845599,578.498282,575.000000,580.000000
2026-02-24T15:08:17.193142+00:00,CUP,582.075472,574.361351,578.845599,578.498282,575.000000,580.000000
2026-02-24T15:08:17.193142+00:00,CUP,580.000000,574.361351,578.845599,578.498282,575.000000,580.000000
2026-02-24T15:08:17.193142+00:00,CUP,581.983965,574.361351,578.845599,578.498282,575.000000,580.000000
2026-02-24T15:08:17.193142+00:00,CUP,581.349206,574.361351,578.845599,578.498282,575.000000,580.000000
2026-02-24T15:08:17.193142+00:00,CUP,574.971815,574.361351,578.845599,578.498282,575.000000,580.000000
2026-02-24T15:08:17.193142+00:00,CUP,578.034682,574.361351,578.845599,578.498282,575.000000,580.000000
2026-02-24T15:08:17.193142+00:00,CUP,577.889447,574.361351,578.845599,578.498282,575.000000,580.000000
2026-02-24T15:08:17.193142+00:00,CUP,577.889447,574.361351,578.845599,578.498282,575.000000,580.000000
2026-02-24T15:08:17.193142+00:00,CUP,585.000000,574.361351,578.845599,578.498282,575.000000,580.000000
2026-02-24T15:08:17.193142+00:00,CUP,580.000000,574.361351,578.845599,578.498282,575.000000,580.000000
2026-02-24T15:08:17.193142+00:00,CUP,585.907336,574.361351,578.845599,578.498282,575.000000,580.000000
2026-02-24T15:08:17.193142+00:00,CUP,575.000000,574.361351,578.845599,578.498282,575.000000,580.000000
2026-02-24T15:08:17.193142+00:00,CUP,578.034682,574.361351,578.845599,578.498282,575.000000,580.000000
2026-02-24T15:08:17.193142+00:00,CUP,580.088345,574.361351,578.845599,578.498282,575.000000,580.000000
2026-02-24T15:08:17.193142+00:00,CUP,580.006824,574.361351,578.845599,578.498282,575.000000,580.000000
2026-02-24T15:08:17.193142+00:00,CUP,577.933450,574.361351,578.845599,578.498282,575.000000,580.000000
2026-02-24T15:08:17.193142+00:00,CUP,578.034682,574.361351,578.845599,578.498282,575.000000,580.000000
2026-02-24T15:08:17.193142+00:00,CUP,580.000000,574.361351,578.845599,578.498282,575.000000,580.000000
2026-02-24T15:08:17.193142+00:00,CUP,580.000000,574.361351,578.845599,578.498282,575.000000,580.000000
2026-02-24T15:08:17.193142+00:00,CUP,580.000000,574.361351,578.845599,578.498282,575.000000,580.000000
2026-02-24T15:08:17.193142+00:00,CUP,578.034682,574.361351,578.845599,578.498282,575.000000,580.000000
2026-02-24T15:08:17.193142+00:00,CUP,585.106383,574.361351,578.845599,578.498282,575.000000,580.000000
2026-02-24T15:08:17.193142+00:00,CUP,580.004784,574.361351,578.845599,578.498282,575.000000,580.000000
2026-02-24T15:08:17.193142+00:00,CUP,575.000000,574.361351,578.845599,578.498282,575.000000,580.000000
2026-02-24T15:08:17.193142+00:00,CUP,585.000000,574.361351,578.845599,578.498282,575.000000,580.000000
2026-02-24T15:08:17.193142+00:00,CUP,580.000000,574.361351,578.845599,578.498282,575.000000,580.000000
2026-02-24T15:08:17.193142+00:00,CUP,575.000000,574.361351,578.845599,578.498282,575.000000,580.000000
2026-02-24T15:08:17.193142+00:00,CUP,580.000000,574.361351,578.845599,578.498282,575.000000,580.000000
2026-02-24T15:08:17.193142+00:00,CUP,578.034682,574.361351,578.845599,578.498282,575.000000,580.000000
2026-02-24T15:08:17.193142+00:00,CUP,570.000000,574.361351,578.845599,578.498282,575.000000,580.000000
2026-02-24T15:08:17.193142+00:00,CUP,570.000000,574.361351,578.845599,578.498282,575.000000,580.000000
2026-02-24T15:08:17.193142+00:00,CUP,580.000000,574.361351,578.845599,578.498282,575.000000,580.000000
2026-02-24T15:08:17.193142+00:00,CUP,580.000000,574.361351,578.845599,578.498282,575.000000,580.000000
2026-02-24T15:08:17.193142+00:00,CUP,580.242634,574.361351,578.845599,578.498282,575.000000,580.000000
2026-02-24T15:08:17.193142+00:00,CUP,575.000000,574.361351,578.845599,578.498282,575.000000,580.000000
2026-02-24T15:08:17.193142+00:00,CUP,590.000000,574.361351,578.845599,578.498282,575.000000,580.000000
2026-02-24T15:08:17.193142+00:00,CUP,580.000000,574.361351,578.845599,578.498282,575.000000,580.000000
2026-02-24T15:08:17.193142+00:00,CUP,580.000000,574.361351,578.845599,578.498282,575.000000,580.000000
2026-02-24T15:08:17.193142+00:00,CUP,573.033708,574.361351,578.845599,578.498282,575.000000,580.000000
2026-02-24T15:08:17.193142+00:00,CUP,578.020028,574.361351,578.845599,578.498282,575.000000,580.000000
2026-02-24T15:08:17.193142+00:00,CUP,580.000000,574.361351,578.845599,578.498282,575.000000,580.000000
2026-02-24T15:08:17.193142+00:00,CUP,580.134779,574.361351,578.845599,578.498282,575.000000,580.000000
2026-02-24T15:08:17.193142+00:00,CUP,580.004784,574.361351,578.845599,578.498282,575.000000,580.000000
2026-02-24T15:08:17.193142+00:00,CUP,590.000000,574.361351,578.845599,578.498282,575.000000,580.000000
2026-02-24T15:08:17.193142+00:00,CUP,578.034682,574.361351,578.845599,578.498282,575.000000,580.000000
2026-02-24T15:08:17.193142+00:00,CUP,570.000000,574.361351,578.845599,578.498282,575.000000,580.000000
2026-02-24T15:08:17.193142+00:00,CUP,570.014876,574.361351,578.845599,578.498282,575.000000,580.000000
2026-02-24T15:08:17.193142+00:00,CUP,585.000000,574.361351,578.845599,578.498282,575.000000,580.000000
2026-02-24T15:08:17.193142+00:00,CUP,585.000000,574.361351,578.845599,578.498282,575.000000,580.000000
2026-02-24T15:08:17.193142+00:00,CUP,490.277713,574.361351,578.845599,578.498282,575.000000,580.000000
2026-02-24T15:08:17.193142+00:00,CUP,490.060928,574.361351,578.845599,578.498282,575.000000,580.000000
2026-02-24T15:08:17.193142+00:00,CUP,574.971815,574.361351,578.845599,578.498282,575.000000,580.000000
2026-02-24T15:08:17.193142+00:00,CUP,490.277713,574.361351,578.845599,578.498282,575.000000,580.000000
2026-02-24T15:08:17.193142+00:00,CUP,490.008043,574.361351,578.845599,578.498282,575.000000,580.000000
2026-02-24T15:08:17.193142+00:00,CUP,490.087092,574.361351,578.845599,578.498282,575.000000,580.000000
2026-02-24T15:08:17.193142+00:00,CUP,490.277713,574.361351,578.845599,578.498282,575.000000,580.000000
2026-02-24T15:08:17.193142+00:00,CUP,580.000000,574.361351,578.845599,578.498282,575.000000,580.000000
2026-02-24T15:08:17.193142+00:00,CUP,600.000000,574.361351,578.845599,578.498282,575.000000,580.000000
2026-02-24T15:08:17.193142+00:00,CUP,585.346843,574.361351,578.845599,578.498282,575.000000,580.000000
2026-02-24T15:08:17.193142+00:00,CUP,575.000000,574.361351,578.845599,578.498282,575.000000,580.000000
2026-02-24T15:08:17.193142+00:00,CUP,585.000000,574.361351,578.845599,578.498282,575.000000,580.000000
2026-02-24T15:08:17.193142+00:00,CUP,578.034682,574.361351,578.845599,578.498282,575.000000,580.000000
2026-02-24T15:08:17.193142+00:00,CUP,578.034682,574.361351,578.845599,578.498282,575.000000,580.000000
2026-02-24T15:08:17.193142+00:00,CUP,568.181818,574.361351,578.845599,578.498282,575.000000,580.000000
2026-02-24T15:08:17.193142+00:00,CUP,578.034682,574.361351,578.845599,578.498282,575.000000,580.000000
2026-02-24T15:08:17.193142+00:00,CUP,579.333333,574.361351,578.845599,578.498282,575.000000,580.000000
2026-02-24T15:08:17.193142+00:00,CUP,577.933450,574.361351,578.845599,578.498282,575.000000,580.000000
2026-02-24T15:08:17.193142+00:00,CUP,578.034682,574.361351,578.845599,578.498282,575.000000,580.000000
2026-02-24T15:08:17.193142+00:00,CUP,565.000000,574.361351,578.845599,578.498282,575.000000,580.000000
2026-02-24T15:08:17.193142+00:00,CUP,565.000000,574.361351,578.845599,578.498282,575.000000,580.000000
2026-02-24T15:08:17.193142+00:00,CUP,575.117371,574.361351,578.845599,578.498282,575.000000,580.000000
2026-02-24T15:08:17.193142+00:00,CUP,578.034682,574.361351,578.845599,578.498282,575.000000,580.000000
2026-02-24T15:08:17.193142+00:00,CUP,575.000000,574.361351,578.845599,578.498282,575.000000,580.000000
2026-02-24T15:08:17.193142+00:00,CUP,574.985181,574.361351,578.845599,578.498282,575.000000,580.000000
2026-02-24T15:08:17.193142+00:00,CUP,579.990333,574.361351,578.845599,578.498282,575.000000,580.000000
2026-02-24T15:08:17.193142+00:00,CUP,575.000000,574.361351,578.845599,578.498282,575.000000,580.000000
2026-02-24T15:08:17.193142+00:00,CUP,569.954989,574.361351,578.845599,578.498282,575.000000,580.000000
2026-02-24T15:08:17.193142+00:00,CUP,580.060423,574.361351,578.845599,578.498282,575.000000,580.000000
2026-02-24T15:08:17.193142+00:00,CUP,578.034682,574.361351,578.845599,578.498282,575.000000,580.000000
2026-02-24T15:08:17.193142+00:00,CUP,574.971815,574.361351,578.845599,578.498282,575.000000,580.000000
2026-02-24T15:08:17.193142+00:00,CUP,578.034682,574.361351,578.845599,578.498282,575.000000,580.000000
2026-02-24T15:08:17.193142+00:00,CUP,575.000000,574.361351,578.845599,578.498282,575.000000,580.000000
2026-02-24T15:08:17.193142+00:00,CUP,578.034682,574.361351,578.845599,578.498282,575.000000,580.000000
2026-02-24T15:08:17.193142+00:00,CUP,582.500000,574.361351,578.845599,578.498282,575.000000,580.000000
2026-02-24T15:08:17.193142+00:00,CUP,570.107288,574.361351,578.845599,578.498282,575.000000,580.000000
2026-02-24T15:08:17.193142+00:00,CUP,585.757272,574.361351,578.845599,578.498282,575.000000,580.000000
2026-02-24T15:08:17.193142+00:00,CUP,588.235294,574.361351,578.845599,578.498282,575.000000,580.000000
2026-02-24T15:08:17.193142+00:00,CUP,586.000000,574.361351,578.845599,578.498282,575.000000,580.000000
2026-02-24T15:08:17.193142+00:00,CUP,579.887218,574.361351,578.845599,578.498282,575.000000,580.000000
2026-02-24T15:08:17.193142+00:00,CUP,579.934614,574.361351,578.845599,578.498282,575.000000,580.000000
2026-02-24T15:08:17.193142+00:00,CUP,585.000000,574.361351,578.845599,578.498282,575.000000,580.000000
2026-02-24T15:08:17.193142+00:00,CUP,578.000000,574.361351,578.845599,578.498282,575.000000,580.000000
2026-02-24T15:08:17.193142+00:00,CUP,570.000000,574.361351,578.845599,578.498282,575.000000,580.000000
2026-02-24T15:08:17.193142+00:00,CUP,582.000000,574.361351,578.845599,578.498282,575.000000,580.000000
2026-02-24T15:08:17.193142+00:00,CUP,570.000000,574.361351,578.845599,578.498282,575.000000,580.000000
2026-02-24T15:08:17.193142+00:00,CUP,570.000000,574.361351,578.845599,578.498282,575.000000,580.000000
2026-02-24T15:08:17.193142+00:00,CUP,596.790371,574.361351,578.845599,578.498282,575.000000,580.000000
2026-02-24T15:08:17.193142+00:00,CUP,580.000000,574.361351,578.845599,578.498282,575.000000,580.000000
2026-02-24T15:08:17.193142+00:00,CUP,570.000000,574.361351,578.845599,578.498282,575.000000,580.000000
2026-02-24T15:08:17.193142+00:00,CUP,585.000000,574.361351,578.845599,578.498282,575.000000,580.000000
2026-02-24T15:08:17.193142+00:00,CUP,584.594223,574.361351,578.845599,578.498282,575.000000,580.000000
2026-02-24T15:08:17.193142+00:00,CUP,585.000000,574.361351,578.845599,578.498282,575.000000,580.000000
2026-02-24T15:08:17.193142+00:00,CUP,579.062500,574.361351,578.845599,578.498282,575.000000,580.000000
2026-02-24T15:08:17.193142+00:00,CUP,585.000000,574.361351,578.845599,578.498282,575.000000,580.000000
2026-02-24T15:08:17.193142+00:00,CUP,579.793341,574.361351,578.845599,578.498282,575.000000,580.000000
2026-02-24T15:08:17.193142+00:00,CUP,585.000000,574.361351,578.845599,578.498282,575.000000,580.000000
2026-02-24T15:08:17.193142+00:00,CUP,590.000000,574.361351,578.845599,578.498282,575.000000,580.000000
2026-02-24T15:08:17.193142+00:00,CUP,580.068944,574.361351,578.845599,578.498282,575.000000,580.000000
2026-02-24T15:08:17.193142+00:00,CUP,579.996240,574.361351,578.845599,578.498282,575.000000,580.000000
2026-02-24T15:08:17.193142+00:00,CUP,585.000000,574.361351,578.845599,578.498282,575.000000,580.000000
2026-02-24T15:08:17.193142+00:00,CUP,569.981001,574.361351,578.845599,578.498282,575.000000,580.000000
2026-02-24T15:08:17.193142+00:00,CUP,590.126582,574.361351,578.845599,578.498282,575.000000,580.000000
2026-02-24T15:08:17.193142+00:00,CUP,575.000000,574.361351,578.845599,578.498282,575.000000,580.000000
2026-02-24T15:08:17.193142+00:00,CUP,580.000000,574.361351,578.845599,578.498282,575.000000,580.000000
2026-02-24T15:08:17.193142+00:00,CUP,585.023401,574.361351,578.845599,578.498282,575.000000,580.000000
2026-02-24T15:08:17.193142+00:00,CUP,570.000000,574.361351,578.845599,578.498282,575.000000,580.000000
2026-02-24T15:08:17.193142+00:00,CUP,589.000000,574.361351,578.845599,578.498282,575.000000,580.000000
2026-02-24T15:08:17.193142+00:00,CUP,570.000000,574.361351,578.845599,578.498282,575.000000,580.000000
2026-02-24T15:08:17.193142+00:00,CUP,589.000000,574.361351,578.845599,578.498282,575.000000,580.000000
2026-02-24T15:08:17.193142+00:00,CUP,585.000000,574.361351,578.845599,578.498282,575.000000,580.000000
2026-02-24T15:08:17.193142+00:00,CUP,569.832402,574.361351,578.845599,578.498282,575.000000,580.000000
2026-02-24T15:08:17.193142+00:00,CUP,590.044577,574.361351,578.845599,578.498282,575.000000,580.000000
2026-02-24T15:08:17.193142+00:00,CUP,580.046404,574.361351,578.845599,578.498282,575.000000,580.000000
2026-02-24T15:08:17.193142+00:00,CUP,585.026117,574.361351,578.845599,578.498282,575.000000,580.000000
2026-02-24T15:08:17.193142+00:00,CUP,590.000000,574.361351,578.845599,578.498282,575.000000,580.000000
2026-02-24T15:08:17.193142+00:00,CUP,580.000000,574.361351,578.845599,578.498282,575.000000,580.000000
2026-02-24T15:08:17.193142+00:00,CUP,585.238095,574.361351,578.845599,578.498282,575.000000,580.000000
2026-02-24T15:08:17.193142+00:00,CUP,520.000000,574.361351,578.845599,578.498282,575.000000,580.000000
2026-02-24T15:08:17.193142+00:00,CUP,578.512397,574.361351,578.845599,578.498282,575.000000,580.000000
2026-02-24T15:08:17.193142+00:00,CUP,570.000000,574.361351,578.845599,578.498282,575.000000,580.000000
2026-02-24T15:08:17.193142+00:00,CUP,580.419580,574.361351,578.845599,578.498282,575.000000,580.000000
2026-02-24T15:08:17.193142+00:00,CUP,569.800570,574.361351,578.845599,578.498282,575.000000,580.000000
2026-02-24T15:08:17.193142+00:00,CUP,585.000000,574.361351,578.845599,578.498282,575.000000,580.000000
2026-02-24T15:08:17.193142+00:00,CUP,586.029044,574.361351,578.845599,578.498282,575.000000,580.000000
2026-02-24T15:08:17.193142+00:00,CUP,580.000000,574.361351,578.845599,578.498282,575.000000,580.000000
2026-02-24T15:08:17.193142+00:00,CUP,587.647059,574.361351,578.845599,578.498282,575.000000,580.000000
2026-02-24T15:08:17.193142+00:00,CUP,580.973952,574.361351,578.845599,578.498282,575.000000,580.000000
2026-02-24T15:08:17.193142+00:00,CUP,590.000000,574.361351,578.845599,578.498282,575.000000,580.000000
2026-02-24T15:08:17.193142+00:00,CUP,580.000000,574.361351,578.845599,578.498282,575.000000,580.000000
2026-02-24T15:08:17.193142+00:00,CUP,578.823529,574.361351,578.845599,578.498282,575.000000,580.000000
2026-02-24T15:08:17.193142+00:00,CUP,585.000000,574.361351,578.845599,578.498282,575.000000,580.000000
2026-02-24T15:08:17.193142+00:00,CUP,589.000000,574.361351,578.845599,578.498282,575.000000,580.000000
2026-02-24T15:08:17.193142+00:00,CUP,578.000000,574.361351,578.845599,578.498282,575.000000,580.000000
2026-02-24T15:08:17.193142+00:00,CUP,580.003659,574.361351,578.845599,578.498282,575.000000,580.000000
2026-02-24T15:08:17.193142+00:00,CUP,589.000000,574.361351,578.845599,578.498282,575.000000,580.000000
2026-02-24T15:08:17.193142+00:00,CUP,589.000000,574.361351,578.845599,578.498282,575.000000,580.000000
2026-02-24T15:08:17.193142+00:00,CUP,579.710145,574.361351,578.845599,578.498282,575.000000,580.000000
2026-02-24T15:08:17.193142+00:00,CUP,589.000000,574.361351,578.845599,578.498282,575.000000,580.000000
2026-02-24T15:08:17.193142+00:00,CUP,570.071259,574.361351,578.845599,578.498282,575.000000,580.000000
2026-02-24T15:08:17.193142+00:00,CUP,585.000000,574.361351,578.845599,578.498282,575.000000,580.000000
2026-02-24T15:08:17.193142+00:00,CUP,580.000000,574.361351,578.845599,578.498282,575.000000,580.000000
2026-02-24T15:08:17.193142+00:00,CUP,580.000000,574.361351,578.845599,578.498282,575.000000,580.000000
2026-02-24T15:08:17.193142+00:00,CUP,574.712644,574.361351,578.845599,578.498282,575.000000,580.000000
2026-02-24T15:08:17.193142+00:00,CUP,570.342205,574.361351,578.845599,578.498282,575.000000,580.000000
2026-02-24T15:08:17.193142+00:00,CUP,587.412587,574.361351,578.845599,578.498282,575.000000,580.000000
2026-02-24T15:08:17.193142+00:00,CUP,578.333333,574.361351,578.845599,578.498282,575.000000,580.000000
2026-02-24T15:08:17.193142+00:00,CUP,587.647059,574.361351,578.845599,578.498282,575.000000,580.000000
2026-02-24T15:08:17.193142+00:00,CUP,575.348528,574.361351,578.845599,578.498282,575.000000,580.000000
2026-02-24T15:08:17.193142+00:00,CUP,585.000000,574.361351,578.845599,578.498282,575.000000,580.000000
2026-02-24T15:08:17.193142+00:00,CUP,574.942792,574.361351,578.845599,578.498282,575.000000,580.000000
2026-02-24T15:08:17.193142+00:00,CUP,580.000000,574.361351,578.845599,578.498282,575.000000,580.000000
2026-02-24T15:08:17.193142+00:00,CUP,569.476082,574.361351,578.845599,578.498282,575.000000,580.000000
2026-02-24T15:08:17.193142+00:00,CUP,570.000000,574.361351,578.845599,578.498282,575.000000,580.000000
2026-02-24T15:08:17.193142+00:00,CUP,585.000000,574.361351,578.845599,578.498282,575.000000,580.000000
2026-02-24T15:08:17.193142+00:00,CUP,570.000000,574.361351,578.845599,578.498282,575.000000,580.000000
2026-02-24T15:08:17.193142+00:00,CUP,574.712644,574.361351,578.845599,578.498282,575.000000,580.000000
2026-02-24T15:08:17.193142+00:00,CUP,564.961307,574.361351,578.845599,578.498282,575.000000,580.000000
2026-02-24T15:08:17.193142+00:00,CUP,575.000000,574.361351,578.845599,578.498282,575.000000,580.000000
2026-02-24T15:08:17.193142+00:00,CUP,570.000000,574.361351,578.845599,578.498282,575.000000,580.000000
2026-02-24T15:08:17.193142+00:00,CUP,585.000000,574.361351,578.845599,578.498282,575.000000,580.000000
2026-02-24T15:08:17.193142+00:00,CUP,569.800570,574.361351,578.845599,578.498282,575.000000,580.000000
2026-02-24T15:08:17.193142+00:00,CUP,570.000000,574.361351,578.845599,578.498282,575.000000,580.000000
2026-02-24T15:08:17.193142+00:00,CUP,580.000000,574.361351,578.845599,578.498282,575.000000,580.000000
2026-02-24T15:08:17.193142+00:00,CUP,581.991003,574.361351,578.845599,578.498282,575.000000,580.000000
2026-02-24T15:08:17.193142+00:00,CUP,575.000000,574.361351,578.845599,578.498282,575.000000,580.000000
2026-02-24T15:08:17.193142+00:00,CUP,587.000000,574.361351,578.845599,578.498282,575.000000,580.000000
2026-02-24T15:08:17.193142+00:00,CUP,582.075472,574.361351,578.845599,578.498282,575.000000,580.000000
2026-02-24T15:08:17.193142+00:00,CUP,574.152542,574.361351,578.845599,578.498282,575.000000,580.000000
2026-02-24T15:08:17.193142+00:00,CUP,586.000000,574.361351,578.845599,578.498282,575.000000,580.000000
2026-02-24T15:08:17.193142+00:00,CUP,585.858586,574.361351,578.845599,578.498282,575.000000,580.000000
2026-02-24T15:08:17.193142+00:00,CUP,575.000000,574.361351,578.845599,578.498282,575.000000,580.000000
2026-02-24T15:08:17.193142+00:00,CUP,575.757576,574.361351,578.845599,578.498282,575.000000,580.000000
2026-02-24T15:08:17.193142+00:00,CUP,569.800570,574.361351,578.845599,578.498282,575.000000,580.000000
2026-02-24T15:08:17.193142+00:00,CUP,570.000000,574.361351,578.845599,578.498282,575.000000,580.000000
2026-02-24T15:08:17.193142+00:00,CUP,600.000000,574.361351,578.845599,578.498282,575.000000,580.000000
2026-02-24T15:08:17.193142+00:00,CUP,570.000000,574.361351,578.845599,578.498282,575.000000,580.000000
2026-02-24T15:08:17.193142+00:00,CUP,585.432267,574.361351,578.845599,578.498282,575.000000,580.000000
2026-02-24T15:08:17.193142+00:00,CUP,568.181818,574.361351,578.845599,578.498282,575.000000,580.000000
2026-02-24T15:08:17.193142+00:00,CUP,568.181818,574.361351,578.845599,578.498282,575.000000,580.000000
2026-02-24T15:08:17.193142+00:00,CUP,600.000000,574.361351,578.845599,578.498282,575.000000,580.000000
2026-02-24T15:08:17.193142+00:00,CUP,570.000000,574.361351,578.845599,578.498282,575.000000,580.000000
2026-02-24T15:08:17.193142+00:00,CUP,581.000000,574.361351,578.845599,578.498282,575.000000,580.000000
2026-02-24T15:08:17.193142+00:00,CUP,570.000000,574.361351,578.845599,578.498282,575.000000,580.000000
2026-02-24T15:08:17.193142+00:00,CUP,582.075472,574.361351,578.845599,578.498282,575.000000,580.000000
2026-02-24T15:08:17.193142+00:00,CUP,581.051922,574.361351,578.845599,578.498282,575.000000,580.000000
2026-02-24T15:08:17.193142+00:00,CUP,575.356415,574.361351,578.845599,578.498282,575.000000,580.000000
2026-02-24T15:08:17.193142+00:00,CUP,582.075472,574.361351,578.845599,578.498282,575.000000,580.000000
2026-02-24T15:08:17.193142+00:00,CUP,582.075472,574.361351,578.845599,578.498282,575.000000,580.000000
2026-02-24T15:08:17.193142+00:00,CUP,569.908815,574.361351,578.845599,578.498282,575.000000,580.000000
2026-02-24T15:08:17.193142+00:00,CUP,585.255767,574.361351,578.845599,578.498282,575.000000,580.000000
2026-02-24T15:08:17.193142+00:00,CUP,582.075472,574.361351,578.845599,578.498282,575.000000,580.000000
2026-02-24T15:08:17.193142+00:00,CUP,570.000000,574.361351,578.845599,578.498282,575.000000,580.000000
2026-02-24T15:08:17.193142+00:00,CUP,580.000000,574.361351,578.845599,578.498282,575.000000,580.000000
2026-02-24T15:08:17.193142+00:00,CUP,581.833910,574.361351,578.845599,578.498282,575.000000,580.000000
2026-02-24T15:08:17.193142+00:00,CUP,582.075472,574.361351,578.845599,578.498282,575.000000,580.000000
2026-02-24T15:08:17.193142+00:00,CUP,580.000000,574.361351,578.845599,578.498282,575.000000,580.000000
2026-02-24T15:08:17.193142+00:00,CUP,575.000000,574.361351,578.845599,578.498282,575.000000,580.000000
2026-02-24T15:08:17.193142+00:00,CUP,580.000000,574.361351,578.845599,578.498282,575.000000,580.000000
2026-02-24T15:08:17.193142+00:00,CUP,582.075472,574.361351,578.845599,578.498282,575.000000,580.000000
2026-02-24T15:08:17.193142+00:00,CUP,575.000000,574.361351,578.845599,578.498282,575.000000,580.000000
2026-02-24T15:08:17.193142+00:00,CUP,575.000000,574.361351,578.845599,578.498282,575.000000,580.000000
2026-02-24T15:08:17.193142+00:00,CUP,577.803204,574.361351,578.845599,578.498282,575.000000,580.000000
2026-02-24T15:08:17.193142+00:00,CUP,581.453634,574.361351,578.845599,578.498282,575.000000,580.000000
2026-02-24T15:08:17.193142+00:00,CUP,587.107718,574.361351,578.845599,578.498282,575.000000,580.000000
2026-02-24T15:08:17.193142+00:00,CUP,579.931973,574.361351,578.845599,578.498282,575.000000,580.000000
2026-02-24T15:08:17.193142+00:00,CUP,555.000000,574.361351,578.845599,578.498282,575.000000,580.000000
2026-02-24T15:08:17.193142+00:00,CUP,577.000000,574.361351,578.845599,578.498282,575.000000,580.000000
2026-02-24T15:08:17.193142+00:00,CUP,600.000000,574.361351,578.845599,578.498282,575.000000,580.000000
2026-02-24T15:08:17.193142+00:00,CUP,580.000000,574.361351,578.845599,578.498282,575.000000,580.000000
2026-02-24T15:08:17.193142+00:00,CUP,569.526627,574.361351,578.845599,578.498282,575.000000,580.000000
2026-02-24T15:08:17.193142+00:00,CUP,575.000000,574.361351,578.845599,578.498282,575.000000,580.000000
2026-02-24T15:08:17.193142+00:00,CUP,582.020564,574.361351,578.845599,578.498282,575.000000,580.000000
2026-02-24T15:08:17.193142+00:00,CUP,575.000000,574.361351,578.845599,578.498282,575.000000,580.000000
2026-02-24T15:08:17.193142+00:00,CUP,587.804878,574.361351,578.845599,578.498282,575.000000,580.000000
2026-02-24T15:08:17.193142+00:00,CUP,575.000000,574.361351,578.845599,578.498282,575.000000,580.000000
2026-02-24T15:08:17.193142+00:00,CUP,582.075472,574.361351,578.845599,578.498282,575.000000,580.000000
2026-02-24T15:08:17.193142+00:00,CUP,578.181818,574.361351,578.845599,578.498282,575.000000,580.000000
2026-02-24T15:08:17.193142+00:00,CUP,581.953469,574.361351,578.845599,578.498282,575.000000,580.000000
2026-02-24T15:08:17.193142+00:00,CUP,600.000000,574.361351,578.845599,578.498282,575.000000,580.000000
2026-02-24T15:08:17.193142+00:00,CUP,565.041366,574.361351,578.845599,578.498282,575.000000,580.000000
2026-02-24T15:08:17.193142+00:00,CUP,580.000000,574.361351,578.845599,578.498282,575.000000,580.000000
2026-02-24T15:08:17.193142+00:00,CUP,577.803204,574.361351,578.845599,578.498282,575.000000,580.000000
2026-02-24T15:08:17.193142+00:00,CUP,582.020564,574.361351,578.845599,578.498282,575.000000,580.000000
2026-02-24T15:08:17.193142+00:00,CUP,587.000000,574.361351,578.845599,578.498282,575.000000,580.000000
2026-02-24T15:08:17.193142+00:00,CUP,577.803204,574.361351,578.845599,578.498282,575.000000,580.000000
2026-02-24T15:08:17.193142+00:00,CUP,576.470588,574.361351,578.845599,578.498282,575.000000,580.000000
2026-02-24T15:08:17.193142+00:00,CUP,577.803204,574.361351,578.845599,578.498282,575.000000,580.000000
2026-02-24T15:08:17.193142+00:00,CUP,582.075472,574.361351,578.845599,578.498282,575.000000,580.000000
2026-02-24T15:08:17.193142+00:00,CUP,587.771203,574.361351,578.845599,578.498282,575.000000,580.000000
2026-02-24T15:08:17.193142+00:00,CUP,587.636364,574.361351,578.845599,578.498282,575.000000,580.000000
2026-02-24T15:08:17.193142+00:00,CUP,574.468085,574.361351,578.845599,578.498282,575.000000,580.000000
2026-02-24T15:08:17.193142+00:00,CUP,577.852968,574.361351,578.845599,578.498282,575.000000,580.000000
2026-02-24T15:08:17.193142+00:00,CUP,577.472842,574.361351,578.845599,578.498282,575.000000,580.000000
2026-02-24T15:08:17.193142+00:00,CUP,576.923077,574.361351,578.845599,578.498282,575.000000,580.000000
2026-02-24T15:08:17.193142+00:00,CUP,575.187970,574.361351,578.845599,578.498282,575.000000,580.000000
2026-02-24T15:08:17.193142+00:00,CUP,575.000000,574.361351,578.845599,578.498282,575.000000,580.000000
2026-02-24T15:08:17.193142+00:00,CUP,576.484018,574.361351,578.845599,578.498282,575.000000,580.000000
2026-02-24T15:08:17.193142+00:00,CUP,580.000000,574.361351,578.845599,578.498282,575.000000,580.000000
2026-02-24T15:08:17.193142+00:00,CUP,565.000000,574.361351,578.845599,578.498282,575.000000,580.000000
2026-02-24T15:08:17.193142+00:00,CUP,573.033708,574.361351,578.845599,578.498282,575.000000,580.000000
2026-02-24T15:08:17.193142+00:00,CUP,573.033708,574.361351,578.845599,578.498282,575.000000,580.000000
2026-02-24T15:08:17.193142+00:00,CUP,570.539419,574.361351,578.845599,578.498282,575.000000,580.000000
2026-02-24T15:08:17.193142+00:00,CUP,590.000000,574.361351,578.845599,578.498282,575.000000,580.000000
2026-02-24T15:08:17.193142+00:00,CUP,590.000000,574.361351,578.845599,578.498282,575.000000,580.000000
2026-02-24T15:08:17.193142+00:00,CUP,560.000000,574.361351,578.845599,578.498282,575.000000,580.000000
2026-02-24T15:08:17.193142+00:00,CUP,576.923077,574.361351,578.845599,578.498282,575.000000,580.000000
2026-02-24T15:08:17.193142+00:00,CUP,584.953204,574.361351,578.845599,578.498282,575.000000,580.000000
2026-02-24T15:08:17.193142+00:00,CUP,578.000000,574.361351,578.845599,578.498282,575.000000,580.000000
2026-02-24T15:08:17.193142+00:00,CUP,570.000000,574.361351,578.845599,578.498282,575.000000,580.000000
2026-02-24T15:08:17.193142+00:00,CUP,573.394495,574.361351,578.845599,578.498282,575.000000,580.000000
2026-02-24T15:08:17.193142+00:00,CUP,582.075472,574.361351,578.845599,578.498282,575.000000,580.000000
2026-02-24T15:08:17.193142+00:00,CUP,565.000000,574.361351,578.845599,578.498282,575.000000,580.000000
2026-02-24T15:08:17.193142+00:00,CUP,580.000000,574.361351,578.845599,578.498282,575.000000,580.000000
2026-02-24T15:08:17.193142+00:00,CUP,589.531680,574.361351,578.845599,578.498282,575.000000,580.000000
2026-02-24T15:08:17.193142+00:00,CUP,581.363636,574.361351,578.845599,578.498282,575.000000,580.000000
2026-02-24T15:08:17.193142+00:00,CUP,560.000000,574.361351,578.845599,578.498282,575.000000,580.000000
2026-02-24T15:08:17.193142+00:00,CUP,570.125428,574.361351,578.845599,578.498282,575.000000,580.000000
2026-02-24T15:08:17.193142+00:00,CUP,574.000000,574.361351,578.845599,578.498282,575.000000,580.000000
2026-02-24T15:08:17.193142+00:00,CUP,560.000000,574.361351,578.845599,578.498282,575.000000,580.000000
2026-02-24T15:08:17.193142+00:00,CUP,579.000000,574.361351,578.845599,578.498282,575.000000,580.000000
2026-02-24T15:08:17.193142+00:00,CUP,582.075472,574.361351,578.845599,578.498282,575.000000,580.000000
2026-02-24T15:08:17.193142+00:00,CUP,580.000000,574.361351,578.845599,578.498282,575.000000,580.000000
2026-02-24T15:08:17.193142+00:00,CUP,570.000000,574.361351,578.845599,578.498282,575.000000,580.000000
2026-02-24T15:08:17.193142+00:00,CUP,571.073446,574.361351,578.845599,578.498282,575.000000,580.000000
2026-02-24T15:08:17.193142+00:00,CUP,565.000000,574.361351,578.845599,578.498282,575.000000,580.000000
2026-02-24T15:08:17.193142+00:00,CUP,585.000000,574.361351,578.845599,578.498282,575.000000,580.000000
2026-02-24T15:08:17.193142+00:00,CUP,575.000000,574.361351,578.845599,578.498282,575.000000,580.000000
2026-02-24T15:08:17.193142+00:00,CUP,578.465063,574.361351,578.845599,578.498282,575.000000,580.000000
2026-02-24T15:08:17.193142+00:00,CUP,579.710145,574.361351,578.845599,578.498282,575.000000,580.000000
2026-02-24T15:08:17.193142+00:00,CUP,570.895522,574.361351,578.845599,578.498282,575.000000,580.000000
2026-02-24T15:08:17.193142+00:00,CUP,580.000000,574.361351,578.845599,578.498282,575.000000,580.000000
2026-02-24T15:08:17.193142+00:00,CUP,576.666667,574.361351,578.845599,578.498282,575.000000,580.000000
2026-02-24T15:08:17.193142+00:00,CUP,574.257426,574.361351,578.845599,578.498282,575.000000,580.000000
2026-02-24T15:08:17.193142+00:00,CUP,600.000000,574.361351,578.845599,578.498282,575.000000,580.000000
2026-02-24T15:08:17.193142+00:00,CUP,578.465063,574.361351,578.845599,578.498282,575.000000,580.000000
2026-02-24T15:08:17.193142+00:00,CUP,600.000000,574.361351,578.845599,578.498282,575.000000,580.000000
2026-02-24T15:08:17.193142+00:00,CUP,579.900744,574.361351,578.845599,578.498282,575.000000,580.000000
2026-02-24T15:08:17.193142+00:00,CUP,572.868928,574.361351,578.845599,578.498282,575.000000,580.000000
2026-02-24T15:08:17.193142+00:00,CUP,570.000000,574.361351,578.845599,578.498282,575.000000,580.000000
2026-02-24T15:08:17.193142+00:00,CUP,585.149314,574.361351,578.845599,578.498282,575.000000,580.000000
2026-02-24T15:08:17.193142+00:00,CUP,580.000000,574.361351,578.845599,578.498282,575.000000,580.000000
2026-02-24T15:08:17.193142+00:00,CUP,590.000000,574.361351,578.845599,578.498282,575.000000,580.000000
2026-02-24T15:08:17.193142+00:00,CUP,570.934256,574.361351,578.845599,578.498282,575.000000,580.000000
2026-02-24T15:08:17.193142+00:00,CUP,586.998494,574.361351,578.845599,578.498282,575.000000,580.000000
2026-02-24T15:08:17.193142+00:00,CUP,570.000000,574.361351,578.845599,578.498282,575.000000,580.000000
2026-02-24T15:08:17.193142+00:00,CUP,570.000000,574.361351,578.845599,578.498282,575.000000,580.000000
2026-02-24T15:08:17.193142+00:00,CUP,575.000000,574.361351,578.845599,578.498282,575.000000,580.000000
2026-02-24T15:08:17.193142+00:00,CUP,576.730906,574.361351,578.845599,578.498282,575.000000,580.000000
2026-02-24T15:08:17.193142+00:00,CUP,560.000000,574.361351,578.845599,578.498282,575.000000,580.000000
2026-02-24T15:08:17.193142+00:00,CUP,570.011025,574.361351,578.845599,578.498282,575.000000,580.000000
2026-02-24T15:08:17.193142+00:00,CUP,580.000000,574.361351,578.845599,578.498282,575.000000,580.000000
2026-02-24T15:08:17.193142+00:00,CUP,577.968526,574.361351,578.845599,578.498282,575.000000,580.000000
2026-02-24T15:08:17.193142+00:00,CUP,590.000000,574.361351,578.845599,578.498282,575.000000,580.000000
2026-02-24T15:08:17.193142+00:00,CUP,570.000000,574.361351,578.845599,578.498282,575.000000,580.000000
2026-02-24T15:08:17.193142+00:00,CUP,590.000000,574.361351,578.845599,578.498282,575.000000,580.000000
2026-02-24T15:08:17.193142+00:00,CUP,580.000000,574.361351,578.845599,578.498282,575.000000,580.000000
2026-02-24T15:08:17.193142+00:00,CUP,580.000000,574.361351,578.845599,578.498282,575.000000,580.000000
2026-02-24T15:08:17.193142+00:00,CUP,574.879227,574.361351,578.845599,578.498282,575.000000,580.000000
2026-02-24T15:08:17.193142+00:00,CUP,575.000000,574.361351,578.845599,578.498282,575.000000,580.000000
2026-02-24T15:08:17.193142+00:00,CUP,567.375887,574.361351,578.845599,578.498282,575.000000,580.000000
2026-02-24T15:08:17.193142+00:00,CUP,577.803204,574.361351,578.845599,578.498282,575.000000,580.000000
2026-02-24T15:08:17.193142+00:00,CUP,587.995198,574.361351,578.845599,578.498282,575.000000,580.000000
2026-02-24T15:08:17.193142+00:00,MLC,1.280000,1.271150,1.271831,1.271698,1.270001,1.280000
2026-02-24T15:08:17.193142+00:00,MLC,1.250000,1.271150,1.271831,1.271698,1.270001,1.280000
2026-02-24T15:08:17.193142+00:00,MLC,1.200000,1.271150,1.271831,1.271698,1.270001,1.280000
2026-02-24T15:08:17.193142+00:00,MLC,1.259916,1.271150,1.271831,1.271698,1.270001,1.280000
2026-02-24T15:08:17.193142+00:00,MLC,1.195934,1.271150,1.271831,1.271698,1.270001,1.280000
2026-02-24T15:08:17.193142+00:00,MLC,1.259929,1.271150,1.271831,1.271698,1.270001,1.280000
2026-02-24T15:08:17.193142+00:00,MLC,1.199932,1.271150,1.271831,1.271698,1.270001,1.280000
2026-02-24T15:08:17.193142+00:00,MLC,1.260000,1.271150,1.271831,1.271698,1.270001,1.280000
2026-02-24T15:08:17.193142+00:00,MLC,1.200000,1.271150,1.271831,1.271698,1.270001,1.280000
2026-02-24T15:08:17.193142+00:00,MLC,1.320041,1.271150,1.271831,1.271698,1.270001,1.280000
2026-02-24T15:08:17.193142+00:00,MLC,1.280000,1.271150,1.271831,1.271698,1.270001,1.280000
2026-02-24T15:08:17.193142+00:00,MLC,1.321004,1.271150,1.271831,1.271698,1.270001,1.280000
2026-02-24T15:08:17.193142+00:00,MLC,1.280000,1.271150,1.271831,1.271698,1.270001,1.280000
2026-02-24T15:08:17.193142+00:00,MLC,1.270000,1.271150,1.271831,1.271698,1.270001,1.280000
2026-02-24T15:08:17.193142+00:00,MLC,1.320029,1.271150,1.271831,1.271698,1.270001,1.280000
2026-02-24T15:08:17.193142+00:00,MLC,1.240079,1.271150,1.271831,1.271698,1.270001,1.280000
2026-02-24T15:08:17.193142+00:00,MLC,1.280681,1.271150,1.271831,1.271698,1.270001,1.280000
2026-02-24T15:08:17.193142+00:00,MLC,1.200480,1.271150,1.271831,1.271698,1.270001,1.280000
2026-02-24T15:08:17.193142+00:00,MLC,1.266968,1.271150,1.271831,1.271698,1.270001,1.280000
2026-02-24T15:08:17.193142+00:00,MLC,1.280000,1.271150,1.271831,1.271698,1.270001,1.280000
2026-02-24T15:08:17.193142+00:00,MLC,1.250000,1.271150,1.271831,1.271698,1.270001,1.280000
2026-02-24T15:08:17.193142+00:00,MLC,1.190476,1.271150,1.271831,1.271698,1.270001,1.280000
2026-02-24T15:08:17.193142+00:00,MLC,1.290006,1.271150,1.271831,1.271698,1.270001,1.280000
2026-02-24T15:08:17.193142+00:00,MLC,1.290006,1.271150,1.271831,1.271698,1.270001,1.280000
2026-02-24T15:08:17.193142+00:00,MLC,1.330000,1.271150,1.271831,1.271698,1.270001,1.280000
2026-02-24T15:08:17.193142+00:00,MLC,1.320023,1.271150,1.271831,1.271698,1.270001,1.280000
2026-02-24T15:08:17.193142+00:00,MLC,1.260114,1.271150,1.271831,1.271698,1.270001,1.280000
2026-02-24T15:08:17.193142+00:00,MLC,1.320132,1.271150,1.271831,1.271698,1.270001,1.280000
2026-02-24T15:08:17.193142+00:00,MLC,1.270648,1.271150,1.271831,1.271698,1.270001,1.280000
2026-02-24T15:08:17.193142+00:00,MLC,1.199336,1.271150,1.271831,1.271698,1.270001,1.280000
2026-02-24T15:08:17.193142+00:00,MLC,1.260000,1.271150,1.271831,1.271698,1.270001,1.280000
2026-02-24T15:08:17.193142+00:00,MLC,1.279070,1.271150,1.271831,1.271698,1.270001,1.280000
2026-02-24T15:08:17.193142+00:00,MLC,1.321004,1.271150,1.271831,1.271698,1.270001,1.280000
2026-02-24T15:08:17.193142+00:00,MLC,1.280000,1.271150,1.271831,1.271698,1.270001,1.280000
2026-02-24T15:08:17.193142+00:00,MLC,1.320027,1.271150,1.271831,1.271698,1.270001,1.280000
2026-02-24T15:08:17.193142+00:00,MLC,1.270003,1.271150,1.271831,1.271698,1.270001,1.280000
2026-02-24T15:08:17.193142+00:00,MLC,1.320378,1.271150,1.271831,1.271698,1.270001,1.280000
2026-02-24T15:08:17.193142+00:00,MLC,1.279994,1.271150,1.271831,1.271698,1.270001,1.280000
2026-02-24T15:08:17.193142+00:00,MLC,1.280264,1.271150,1.271831,1.271698,1.270001,1.280000
2026-02-24T15:08:17.193142+00:00,MLC,1.280000,1.271150,1.271831,1.271698,1.270001,1.280000
2026-02-24T15:08:17.193142+00:00,MLC,1.363141,1.271150,1.271831,1.271698,1.270001,1.280000
2026-02-24T15:08:17.193142+00:00,CLASICA,1.030000,1.035328,1.045531,1.042980,1.030000,1.049787
2026-02-24T15:08:17.193142+00:00,CLASICA,1.040019,1.035328,1.045531,1.042980,1.030000,1.049787
2026-02-24T15:08:17.193142+00:00,CLASICA,1.060000,1.035328,1.045531,1.042980,1.030000,1.049787
2026-02-24T15:08:17.193142+00:00,CLASICA,1.030000,1.035328,1.045531,1.042980,1.030000,1.049787
2026-02-24T15:08:17.193142+00:00,CLASICA,1.060000,1.035328,1.045531,1.042980,1.030000,1.049787
2026-02-24T15:08:17.193142+00:00,CLASICA,1.060000,1.035328,1.045531,1.042980,1.030000,1.049787
2026-02-24T15:08:17.193142+00:00,CLASICA,1.040000,1.035328,1.045531,1.042980,1.030000,1.049787
2026-02-24T15:08:17.193142+00:00,CLASICA,1.060000,1.035328,1.045531,1.042980,1.030000,1.049787
2026-02-24T15:08:17.193142+00:00,CLASICA,1.010101,1.035328,1.045531,1.042980,1.030000,1.049787
2026-02-24T15:08:17.193142+00:00,CLASICA,1.080051,1.035328,1.045531,1.042980,1.030000,1.049787
2026-02-24T15:08:17.193142+00:00,CLASICA,1.049972,1.035328,1.045531,1.042980,1.030000,1.049787
2026-02-24T15:08:17.193142+00:00,CLASICA,1.030000,1.035328,1.045531,1.042980,1.030000,1.049787
2026-02-24T15:08:17.193142+00:00,CLASICA,1.039934,1.035328,1.045531,1.042980,1.030000,1.049787
2026-02-24T15:08:17.193142+00:00,CLASICA,1.050000,1.035328,1.045531,1.042980,1.030000,1.049787
2026-02-24T15:08:17.193142+00:00,CLASICA,1.010019,1.035328,1.045531,1.042980,1.030000,1.049787
2026-02-24T15:08:17.193142+00:00,CLASICA,1.040000,1.035328,1.045531,1.042980,1.030000,1.049787
2026-02-24T15:08:17.193142+00:00,CLASICA,1.030000,1.035328,1.045531,1.042980,1.030000,1.049787
2026-02-24T15:08:17.193142+00:00,CLASICA,1.050000,1.035328,1.045531,1.042980,1.030000,1.049787
2026-02-24T15:08:17.193142+00:00,CLASICA,1.040091,1.035328,1.045531,1.042980,1.030000,1.049787
2026-02-24T15:08:17.193142+00:00,CLASICA,1.070000,1.035328,1.045531,1.042980,1.030000,1.049787
2026-02-24T15:08:17.193142+00:00,CLASICA,1.025000,1.035328,1.045531,1.042980,1.030000,1.049787
2026-02-24T15:08:17.193142+00:00,CLASICA,1.060271,1.035328,1.045531,1.042980,1.030000,1.049787
2026-02-24T15:08:17.193142+00:00,CLASICA,1.040000,1.035328,1.045531,1.042980,1.030000,1.049787
2026-02-24T15:08:17.193142+00:00,CLASICA,1.051502,1.035328,1.045531,1.042980,1.030000,1.049787
2026-02-24T15:08:17.193142+00:00,CLASICA,1.040062,1.035328,1.045531,1.042980,1.030000,1.049787
2026-02-24T15:08:17.193142+00:00,CLASICA,1.039755,1.035328,1.045531,1.042980,1.030000,1.049787
2026-02-24T15:08:17.193142+00:00,CLASICA,1.041667,1.035328,1.045531,1.042980,1.030000,1.049787
2026-02-24T15:08:17.193142+00:00,CLASICA,1.030000,1.035328,1.045531,1.042980,1.030000,1.049787
2026-02-24T15:08:17.193142+00:00,CLASICA,1.049869,1.035328,1.045531,1.042980,1.030000,1.049787
2026-02-24T15:08:17.193142+00:00,CLASICA,1.040000,1.035328,1.045531,1.042980,1.030000,1.049787
2026-02-24T15:08:17.193142+00:00,CLASICA,1.053191,1.035328,1.045531,1.042980,1.030000,1.049787
2026-02-24T15:08:17.193142+00:00,CLASICA,1.040000,1.035328,1.045531,1.042980,1.030000,1.049787
2026-02-24T15:08:17.193142+00:00,CLASICA,1.080000,1.035328,1.045531,1.042980,1.030000,1.049787
2026-02-24T15:08:17.193142+00:00,CLASICA,1.010101,1.035328,1.045531,1.042980,1.030000,1.049787
2026-02-24T15:08:17.193142+00:00,CLASICA,1.010101,1.035328,1.045531,1.042980,1.030000,1.049787
2026-02-24T15:08:17.193142+00:00,CLASICA,1.040006,1.035328,1.045531,1.042980,1.030000,1.049787
2026-02-24T15:08:17.193142+00:00,CLASICA,1.029991,1.035328,1.045531,1.042980,1.030000,1.049787
2026-02-24T15:08:17.193142+00:00,CLASICA,1.080000,1.035328,1.045531,1.042980,1.030000,1.049787
2026-02-24T15:08:17.193142+00:00,CLASICA,1.050000,1.035328,1.045531,1.042980,1.030000,1.049787
2026-02-24T15:08:17.193142+00:00,CLASICA,1.000000,1.035328,1.045531,1.042980,1.030000,1.049787
2026-02-24T15:08:17.193142+00:00,CLASICA,1.035156,1.035328,1.045531,1.042980,1.030000,1.049787
2026-02-24T15:08:17.193142+00:00,CLASICA,1.030000,1.035328,1.045531,1.042980,1.030000,1.049787
2026-02-24T15:08:17.193142+00:00,CLASICA,1.031579,1.035328,1.045531,1.042980,1.030000,1.049787
2026-02-24T15:08:17.193142+00:00,CLASICA,1.010101,1.035328,1.045531,1.042980,1.030000,1.049787
2026-02-24T15:08:17.193142+00:00,CLASICA,1.050000,1.035328,1.045531,1.042980,1.030000,1.049787
2026-02-24T15:08:17.193142+00:00,CLASICA,1.060904,1.035328,1.045531,1.042980,1.030000,1.049787
2026-02-24T15:08:17.193142+00:00,CLASICA,1.056250,1.035328,1.045531,1.042980,1.030000,1.049787
2026-02-24T15:08:17.193142+00:00,CLASICA,1.050000,1.035328,1.045531,1.042980,1.030000,1.049787
2026-02-24T15:08:17.193142+00:00,CLASICA,1.050000,1.035328,1.045531,1.042980,1.030000,1.049787
2026-02-24T15:08:17.193142+00:00,CLASICA,1.020000,1.035328,1.045531,1.042980,1.030000,1.049787
2026-02-24T15:08:17.193142+00:00,CLASICA,1.041848,1.035328,1.045531,1.042980,1.030000,1.049787
2026-02-24T15:08:17.193142+00:00,CLASICA,1.037500,1.035328,1.045531,1.042980,1.030000,1.049787
2026-02-24T15:08:17.193142+00:00,CLASICA,1.052632,1.035328,1.045531,1.042980,1.030000,1.049787
2026-02-24T15:08:17.193142+00:00,CLASICA,1.050200,1.035328,1.045531,1.042980,1.030000,1.049787
2026-02-24T15:08:17.193142+00:00,CLASICA,1.049787,1.035328,1.045531,1.042980,1.030000,1.049787
2026-02-24T15:08:17.193142+00:00,CLASICA,1.030000,1.035328,1.045531,1.042980,1.030000,1.049787
2026-02-24T15:08:17.193142+00:00,CLASICA,1.080000,1.035328,1.045531,1.042980,1.030000,1.049787
2026-02-24T15:08:17.193142+00:00,CLASICA,1.050000,1.035328,1.045531,1.042980,1.030000,1.049787
2026-02-24T15:08:17.193142+00:00,CLASICA,1.044737,1.035328,1.045531,1.042980,1.030000,1.049787
2026-02-24T15:08:17.193142+00:00,CLASICA,1.080000,1.035328,1.045531,1.042980,1.030000,1.049787
2026-02-24T15:08:17.193142+00:00,CLASICA,1.040000,1.035328,1.045531,1.042980,1.030000,1.049787
2026-02-24T15:08:17.193142+00:00,CLASICA,1.040000,1.035328,1.045531,1.042980,1.030000,1.049787
2026-02-24T15:08:17.193142+00:00,CLASICA,1.010101,1.035328,1.045531,1.042980,1.030000,1.049787
2026-02-24T15:08:17.193142+00:00,CLASICA,1.030008,1.035328,1.045531,1.042980,1.030000,1.049787
2026-02-24T15:08:17.193142+00:00,CLASICA,1.030141,1.035328,1.045531,1.042980,1.030000,1.049787
2026-02-24T15:08:17.193142+00:00,CLASICA,1.080000,1.035328,1.045531,1.042980,1.030000,1.049787
2026-02-24T15:08:17.193142+00:00,CLASICA,1.030000,1.035328,1.045531,1.042980,1.030000,1.049787
2026-02-24T15:08:17.193142+00:00,CLASICA,1.060000,1.035328,1.045531,1.042980,1.030000,1.049787
2026-02-24T15:08:17.193142+00:00,ETECSA,200.000000,200.618959,193.751923,196.450173,200.000000,202.000000
2026-02-24T15:08:17.193142+00:00,ETECSA,195.431472,200.618959,193.751923,196.450173,200.000000,202.000000
2026-02-24T15:08:17.193142+00:00,ETECSA,205.000000,200.618959,193.751923,196.450173,200.000000,202.000000
2026-02-24T15:08:17.193142+00:00,ETECSA,205.002050,200.618959,193.751923,196.450173,200.000000,202.000000
2026-02-24T15:08:17.193142+00:00,ETECSA,189.655172,200.618959,193.751923,196.450173,200.000000,202.000000
2026-02-24T15:08:17.193142+00:00,ETECSA,200.000000,200.618959,193.751923,196.450173,200.000000,202.000000
2026-02-24T15:08:17.193142+00:00,ETECSA,195.000000,200.618959,193.751923,196.450173,200.000000,202.000000
2026-02-24T15:08:17.193142+00:00,ETECSA,195.000000,200.618959,193.751923,196.450173,200.000000,202.000000
2026-02-24T15:08:17.193142+00:00,ETECSA,194.805195,200.618959,193.751923,196.450173,200.000000,202.000000
2026-02-24T15:08:17.193142+00:00,ETECSA,200.000000,200.618959,193.751923,196.450173,200.000000,202.000000
2026-02-24T15:08:17.193142+00:00,ETECSA,179.856115,200.618959,193.751923,196.450173,200.000000,202.000000
2026-02-24T15:08:17.193142+00:00,ETECSA,205.000000,200.618959,193.751923,196.450173,200.000000,202.000000
2026-02-24T15:08:17.193142+00:00,ETECSA,125.000000,200.618959,193.751923,196.450173,200.000000,202.000000
2026-02-24T15:08:17.193142+00:00,ETECSA,208.333333,200.618959,193.751923,196.450173,200.000000,202.000000
2026-02-24T15:08:17.193142+00:00,ETECSA,200.000000,200.618959,193.751923,196.450173,200.000000,202.000000
2026-02-24T15:08:17.193142+00:00,ETECSA,180.000000,200.618959,193.751923,196.450173,200.000000,202.000000
2026-02-24T15:08:17.193142+00:00,ETECSA,197.802198,200.618959,193.751923,196.450173,200.000000,202.000000
2026-02-24T15:08:17.193142+00:00,ETECSA,205.061082,200.618959,193.751923,196.450173,200.000000,202.000000
2026-02-24T15:08:17.193142+00:00,ETECSA,212.765957,200.618959,193.751923,196.450173,200.000000,202.000000
2026-02-24T15:08:17.193142+00:00,ETECSA,204.993252,200.618959,193.751923,196.450173,200.000000,202.000000
2026-02-24T15:08:17.193142+00:00,ETECSA,200.000000,200.618959,193.751923,196.450173,200.000000,202.000000
2026-02-24T15:08:17.193142+00:00,ETECSA,308.333333,200.618959,193.751923,196.450173,200.000000,202.000000
2026-02-24T15:08:17.193142+00:00,ETECSA,200.000000,200.618959,193.751923,196.450173,200.000000,202.000000
2026-02-24T15:08:17.193142+00:00,ETECSA,205.000000,200.618959,193.751923,196.450173,200.000000,202.000000
2026-02-24T15:08:17.193142+00:00,ETECSA,210.000000,200.618959,193.751923,196.450173,200.000000,202.000000
2026-02-24T15:08:17.193142+00:00,ETECSA,125.000000,200.618959,193.751923,196.450173,200.000000,202.000000
2026-02-24T15:08:17.193142+00:00,ETECSA,205.808081,200.618959,193.751923,196.450173,200.000000,202.000000
2026-02-24T15:08:17.193142+00:00,ETECSA,213.138686,200.618959,193.751923,196.450173,200.000000,202.000000
2026-02-24T15:08:17.193142+00:00,ETECSA,200.000000,200.618959,193.751923,196.450173,200.000000,202.000000
2026-02-24T15:08:17.193142+00:00,ETECSA,200.000000,200.618959,193.751923,196.450173,200.000000,202.000000
2026-02-24T15:08:17.193142+00:00,ETECSA,210.000000,200.618959,193.751923,196.450173,200.000000,202.000000
2026-02-24T15:08:17.193142+00:00,ETECSA,210.000000,200.618959,193.751923,196.450173,200.000000,202.000000
2026-02-24T15:08:17.193142+00:00,ETECSA,125.000000,200.618959,193.751923,196.450173,200.000000,202.000000
2026-02-24T15:08:17.193142+00:00,ETECSA,202.000000,200.618959,193.751923,196.450173,200.000000,202.000000
2026-02-24T15:08:17.193142+00:00,ETECSA,225.000000,200.618959,193.751923,196.450173,200.000000,202.000000
2026-02-24T15:08:17.193142+00:00,ETECSA,205.073996,200.618959,193.751923,196.450173,200.000000,202.000000
2026-02-24T15:08:17.193142+00:00,ETECSA,125.000000,200.618959,193.751923,196.450173,200.000000,202.000000
2026-02-24T15:08:17.193142+00:00,ETECSA,200.000000,200.618959,193.751923,196.450173,200.000000,202.000000
2026-02-24T15:08:17.193142+00:00,ETECSA,125.000000,200.618959,193.751923,196.450173,200.000000,202.000000
2026-02-24T15:08:17.193142+00:00,ETECSA,205.000000,200.618959,193.751923,196.450173,200.000000,202.000000
2026-02-24T15:08:17.193142+00:00,ETECSA,198.232323,200.618959,193.751923,196.450173,200.000000,202.000000
2026-02-24T15:08:17.193142+00:00,ETECSA,200.000000,200.618959,193.751923,196.450173,200.000000,202.000000
2026-02-24T15:08:17.193142+00:00,ETECSA,200.000000,200.618959,193.751923,196.450173,200.000000,202.000000
2026-02-24T15:08:17.193142+00:00,ETECSA,209.917355,200.618959,193.751923,196.450173,200.000000,202.000000
2026-02-24T15:08:17.193142+00:00,ETECSA,210.000000,200.618959,193.751923,196.450173,200.000000,202.000000
2026-02-24T15:08:17.193142+00:00,ETECSA,200.000000,200.618959,193.751923,196.450173,200.000000,202.000000
2026-02-24T15:08:17.193142+00:00,ETECSA,180.000000,200.618959,193.751923,196.450173,200.000000,202.000000
2026-02-24T15:08:17.193142+00:00,ETECSA,200.000000,200.618959,193.751923,196.450173,200.000000,202.000000
2026-02-24T15:08:17.193142+00:00,ETECSA,200.000000,200.618959,193.751923,196.450173,200.000000,202.000000
2026-02-24T15:08:17.193142+00:00,ETECSA,200.000000,200.618959,193.751923,196.450173,200.000000,202.000000
2026-02-24T15:08:17.193142+00:00,ETECSA,200.000000,200.618959,193.751923,196.450173,200.000000,202.000000
2026-02-24T15:08:17.193142+00:00,ETECSA,208.000000,200.618959,193.751923,196.450173,200.000000,202.000000
2026-02-24T15:08:17.193142+00:00,ETECSA,200.000000,200.618959,193.751923,196.450173,200.000000,202.000000
2026-02-24T15:08:17.193142+00:00,ETECSA,208.928571,200.618959,193.751923,196.450173,200.000000,202.000000
2026-02-24T15:08:17.193142+00:00,ETECSA,205.000000,200.618959,193.751923,196.450173,200.000000,202.000000
2026-02-24T15:08:17.193142+00:00,ETECSA,125.000000,200.618959,193.751923,196.450173,200.000000,202.000000
2026-02-24T15:08:17.193142+00:00,ETECSA,200.000000,200.618959,193.751923,196.450173,200.000000,202.000000
2026-02-24T15:08:17.193142+00:00,ETECSA,210.000000,200.618959,193.751923,196.450173,200.000000,202.000000
2026-02-24T15:08:17.193142+00:00,ETECSA,204.081633,200.618959,193.751923,196.450173,200.000000,202.000000
2026-02-24T15:08:17.193142+00:00,ETECSA,200.000000,200.618959,193.751923,196.450173,200.000000,202.000000
2026-02-24T15:08:17.193142+00:00,ETECSA,215.827338,200.618959,193.751923,196.450173,200.000000,202.000000
2026-02-24T15:08:17.193142+00:00,ETECSA,125.000000,200.618959,193.751923,196.450173,200.000000,202.000000
2026-02-24T15:08:17.193142+00:00,ETECSA,205.240175,200.618959,193.751923,196.450173,200.000000,202.000000
2026-02-24T15:08:17.193142+00:00,ETECSA,200.000000,200.618959,193.751923,196.450173,200.000000,202.000000
2026-02-24T15:08:17.193142+00:00,ETECSA,208.000000,200.618959,193.751923,196.450173,200.000000,202.000000
2026-02-24T15:08:17.193142+00:00,ETECSA,207.758621,200.618959,193.751923,196.450173,200.000000,202.000000
2026-02-24T15:08:17.193142+00:00,ETECSA,208.000000,200.618959,193.751923,196.450173,200.000000,202.000000
2026-02-24T15:08:17.193142+00:00,ETECSA,125.000000,200.618959,193.751923,196.450173,200.000000,202.000000
2026-02-24T15:08:17.193142+00:00,ETECSA,205.000000,200.618959,193.751923,196.450173,200.000000,202.000000
2026-02-24T15:08:17.193142+00:00,ETECSA,200.000000,200.618959,193.751923,196.450173,200.000000,202.000000
2026-02-24T15:08:17.193142+00:00,ETECSA,180.000000,200.618959,193.751923,196.450173,200.000000,202.000000
2026-02-24T15:08:17.193142+00:00,ETECSA,205.000000,200.618959,193.751923,196.450173,200.000000,202.000000
2026-02-24T15:08:17.193142+00:00,ETECSA,204.545455,200.618959,193.751923,196.450173,200.000000,202.000000
2026-02-24T15:08:17.193142+00:00,ETECSA,205.000000,200.618959,193.751923,196.450173,200.000000,202.000000
2026-02-24T15:08:17.193142+00:00,ETECSA,204.814815,200.618959,193.751923,196.450173,200.000000,202.000000
2026-02-24T15:08:17.193142+00:00,ETECSA,204.732510,200.618959,193.751923,196.450173,200.000000,202.000000
2026-02-24T15:08:17.193142+00:00,ETECSA,215.000000,200.618959,193.751923,196.450173,200.000000,202.000000
2026-02-24T15:08:17.193142+00:00,ETECSA,213.219616,200.618959,193.751923,196.450173,200.000000,202.000000
2026-02-24T15:08:17.193142+00:00,ETECSA,201.388889,200.618959,193.751923,196.450173,200.000000,202.000000
2026-02-24T15:08:17.193142+00:00,ETECSA,200.000000,200.618959,193.751923,196.450173,200.000000,202.000000
2026-02-24T15:08:17.193142+00:00,ETECSA,205.000000,200.618959,193.751923,196.450173,200.000000,202.000000
2026-02-24T15:08:17.193142+00:00,ETECSA,200.000000,200.618959,193.751923,196.450173,200.000000,202.000000
2026-02-24T15:08:17.193142+00:00,ETECSA,200.000000,200.618959,193.751923,196.450173,200.000000,202.000000
2026-02-24T15:08:17.193142+00:00,ETECSA,207.375000,200.618959,193.751923,196.450173,200.000000,202.000000
2026-02-24T15:08:17.193142+00:00,ETECSA,125.000000,200.618959,193.751923,196.450173,200.000000,202.000000
2026-02-24T15:08:17.193142+00:00,ETECSA,205.000000,200.618959,193.751923,196.450173,200.000000,202.000000
2026-02-24T15:08:17.193142+00:00,ETECSA,207.000000,200.618959,193.751923,196.450173,200.000000,202.000000
2026-02-24T15:08:17.193142+00:00,ETECSA,200.000000,200.618959,193.751923,196.450173,200.000000,202.000000
2026-02-24T15:08:17.193142+00:00,ETECSA,200.000000,200.618959,193.751923,196.450173,200.000000,202.000000
2026-02-24T15:08:17.193142+00:00,ETECSA,129.784173,200.618959,193.751923,196.450173,200.000000,202.000000
2026-02-24T15:08:17.193142+00:00,ETECSA,215.000000,200.618959,193.751923,196.450173,200.000000,202.000000
2026-02-24T15:08:17.193142+00:00,ETECSA,210.500000,200.618959,193.751923,196.450173,200.000000,202.000000
2026-02-24T15:08:17.193142+00:00,ETECSA,180.000000,200.618959,193.751923,196.450173,200.000000,202.000000
2026-02-24T15:08:17.193142+00:00,ETECSA,205.000000,200.618959,193.751923,196.450173,200.000000,202.000000
2026-02-24T15:08:17.193142+00:00,ETECSA,197.802198,200.618959,193.751923,196.450173,200.000000,202.000000
2026-02-24T15:08:17.193142+00:00,ETECSA,200.000000,200.618959,193.751923,196.450173,200.000000,202.000000
2026-02-24T15:08:17.193142+00:00,ETECSA,215.000000,200.618959,193.751923,196.450173,200.000000,202.000000
2026-02-24T15:08:17.193142+00:00,ETECSA,213.138686,200.618959,193.751923,196.450173,200.000000,202.000000
2026-02-24T15:08:17.193142+00:00,ETECSA,215.000000,200.618959,193.751923,196.450173,200.000000,202.000000
2026-02-24T15:08:17.193142+00:00,ETECSA,201.438849,200.618959,193.751923,196.450173,200.000000,202.000000
2026-02-24T15:08:17.193142+00:00,ETECSA,218.681319,200.618959,193.751923,196.450173,200.000000,202.000000
2026-02-24T15:08:17.193142+00:00,TROPICAL,1.030000,1.051686,1.063870,1.060946,1.059884,1.071429
2026-02-24T15:08:17.193142+00:00,TROPICAL,1.071429,1.051686,1.063870,1.060946,1.059884,1.071429
2026-02-24T15:08:17.193142+00:00,TROPICAL,1.044643,1.051686,1.063870,1.060946,1.059884,1.071429
2026-02-24T15:08:17.193142+00:00,TROPICAL,1.060000,1.051686,1.063870,1.060946,1.059884,1.071429
2026-02-24T15:08:17.193142+00:00,TROPICAL,1.059951,1.051686,1.063870,1.060946,1.059884,1.071429
2026-02-24T15:08:17.193142+00:00,TROPICAL,1.009774,1.051686,1.063870,1.060946,1.059884,1.071429
2026-02-24T15:08:17.193142+00:00,TROPICAL,1.009872,1.051686,1.063870,1.060946,1.059884,1.071429
2026-02-24T15:08:17.193142+00:00,TROPICAL,1.054722,1.051686,1.063870,1.060946,1.059884,1.071429
2026-02-24T15:08:17.193142+00:00,TROPICAL,1.080000,1.051686,1.063870,1.060946,1.059884,1.071429
2026-02-24T15:08:17.193142+00:00,TROPICAL,1.069767,1.051686,1.063870,1.060946,1.059884,1.071429
2026-02-24T15:08:17.193142+00:00,TROPICAL,1.100000,1.051686,1.063870,1.060946,1.059884,1.071429
2026-02-24T15:08:17.193142+00:00,TROPICAL,1.070000,1.051686,1.063870,1.060946,1.059884,1.071429
2026-02-24T15:08:17.193142+00:00,TROPICAL,1.084086,1.051686,1.063870,1.060946,1.059884,1.071429
2026-02-24T15:08:17.193142+00:00,TROPICAL,1.080000,1.051686,1.063870,1.060946,1.059884,1.071429
2026-02-24T15:08:17.193142+00:00,TROPICAL,1.100000,1.051686,1.063870,1.060946,1.059884,1.071429
2026-02-24T15:08:17.193142+00:00,TROPICAL,1.080000,1.051686,1.063870,1.060946,1.059884,1.071429
2026-02-24T15:08:17.193142+00:00,TROPICAL,1.074810,1.051686,1.063870,1.060946,1.059884,1.071429
2026-02-24T15:08:17.193142+00:00,TROPICAL,1.050000,1.051686,1.063870,1.060946,1.059884,1.071429
2026-02-24T15:08:17.193142+00:00,TROPICAL,1.050256,1.051686,1.063870,1.060946,1.059884,1.071429
2026-02-24T15:08:17.193142+00:00,TROPICAL,1.049944,1.051686,1.063870,1.060946,1.059884,1.071429
2026-02-24T15:08:17.193142+00:00,TROPICAL,1.080000,1.051686,1.063870,1.060946,1.059884,1.071429
2026-02-24T15:08:17.193142+00:00,TROPICAL,1.050000,1.051686,1.063870,1.060946,1.059884,1.071429
2026-02-24T15:08:17.193142+00:00,TROPICAL,1.010101,1.051686,1.063870,1.060946,1.059884,1.071429
2026-02-24T15:08:17.193142+00:00,TROPICAL,1.080247,1.051686,1.063870,1.060946,1.059884,1.071429
2026-02-24T15:08:17.193142+00:00,TROPICAL,1.074038,1.051686,1.063870,1.060946,1.059884,1.071429
